# Blender 4.5.4 LTS
# www.blender.org
mtllib deer.mtl
o 09deerFinal
v 0.133752 -0.117908 0.795401
v 0.123750 0.064115 0.795921
v 0.170740 -0.228889 1.110052
v 0.168010 0.066437 1.096376
v 0.156458 -0.420931 1.119604
v 0.141826 0.285635 0.829138
v 0.167762 0.269711 1.139902
v 0.152267 0.606809 0.942984
v 0.132802 0.492744 1.195185
v 0.056919 0.796742 1.297161
v 0.083865 0.857496 1.355334
v 0.074000 0.811775 1.550432
v 0.050677 0.980591 1.367599
v 0.046661 0.951928 1.447483
v 0.038603 1.040402 1.372299
v 0.035814 1.038020 1.421013
v 0.047216 1.016454 1.370978
v 0.045986 1.013508 1.430275
v 0.205767 -0.100493 0.962111
v 0.192619 0.068699 0.966765
v 0.206328 0.271159 0.987193
v 0.151820 0.557862 1.058847
v 0.102742 0.779139 1.362241
v 0.095844 0.843190 1.410004
v 0.057048 0.958880 1.410621
v 0.041057 1.039870 1.396428
v 0.051267 1.014448 1.400774
v 0.046942 0.613187 0.781751
v 0.054463 0.272939 0.722844
v 0.023280 1.061479 1.370351
v 0.024805 1.022433 1.351434
v 0.061738 -0.567173 1.090851
v 0.081825 -0.264553 1.192013
v 0.089122 0.059538 1.181800
v 0.092465 0.261394 1.218974
v 0.079077 0.476730 1.269864
v 0.020595 0.952451 1.477940
v 0.024136 1.009665 1.446190
v 0.033912 0.869018 1.339631
v 0.024173 0.830718 1.255220
v 0.025831 0.991561 1.345719
v 0.042209 -0.574279 0.768617
v 0.069283 0.813689 1.555545
v 0.081518 -0.440204 1.174769
v 0.021508 1.052115 1.416378
v 0.071808 -0.236262 0.741822
v 0.032227 -0.431717 0.718178
v 0.033520 0.051301 0.660551
v 0.022794 1.064011 1.394301
v 0.061533 -0.620977 0.910125
v 0.134497 0.275103 0.621540
v 0.126403 0.414704 0.593374
v 0.052370 0.262406 0.621371
v 0.057293 0.425854 0.609510
v 0.113754 0.292630 0.305226
v 0.119462 0.361960 0.320013
v 0.093052 0.287108 0.309726
v 0.088559 0.365232 0.312652
v 0.115782 0.279373 0.087871
v 0.117062 0.361249 0.101252
v 0.083350 0.272655 0.090427
v 0.082234 0.366237 0.099984
v 0.126506 0.316270 0.061285
v 0.119071 0.387154 0.068528
v 0.072288 0.304713 0.062866
v 0.080592 0.394399 0.067796
v 0.126454 0.315460 0.008248
v 0.121300 0.413629 0.011831
v 0.070620 0.308677 0.013909
v 0.077961 0.422071 0.010536
v 0.218791 0.439410 0.877267
v 0.162901 0.416799 1.178722
v 0.207189 0.431039 1.031252
v 0.086685 0.407217 1.253631
v 0.021697 0.459686 0.716615
v 0.167947 0.352450 0.609805
v 0.035701 0.347147 0.609425
v 0.137051 0.330787 0.310479
v 0.076497 0.329634 0.312558
v 0.125007 0.320323 0.098102
v 0.070058 0.314393 0.095343
v 0.126418 0.346762 0.064429
v 0.069530 0.345271 0.065605
v 0.131206 0.364323 0.009988
v 0.067854 0.363197 0.009988
v 0.081644 0.822420 1.497976
v 0.078480 0.726570 1.414118
v 0.044232 0.688727 1.453114
v 0.072274 0.908511 1.365628
v 0.073854 0.852447 1.463739
v 0.085847 0.876780 1.416478
v 0.065221 0.868051 1.524180
v 0.031691 0.916718 1.341204
v 0.030105 0.773373 1.557342
v 0.028104 0.788903 1.563025
v 0.070194 0.786588 1.550564
v 0.067283 0.778561 1.546602
v 0.050382 0.763641 1.542829
v 0.132741 0.701123 1.648549
v 0.133876 0.723617 1.656568
v 0.160852 0.732317 1.638595
v 0.165656 0.698051 1.632087
v 0.139244 0.679523 1.641333
v 0.088692 0.750331 1.615413
v 0.085913 0.731018 1.606246
v 0.096565 0.704288 1.593521
v 0.112495 0.739213 1.588985
v 0.113437 0.760198 1.596970
v 0.130434 0.759863 1.716358
v 0.151132 0.759395 1.702367
v 0.109336 0.781793 1.686589
v 0.131425 0.785281 1.677502
v 0.133647 0.782977 1.773962
v 0.149503 0.782619 1.763244
v 0.117485 0.799777 1.751157
v 0.134406 0.802449 1.744195
v 0.131092 0.791095 1.840083
v 0.142779 0.790831 1.832183
v 0.119180 0.803477 1.823274
v 0.131652 0.805447 1.818144
v 0.128972 0.793075 1.881288
v 0.133445 0.792974 1.878265
v 0.124414 0.797813 1.874855
v 0.129186 0.798567 1.872892
v 0.169836 0.557102 1.670022
v 0.158031 0.552992 1.674224
v 0.152075 0.570653 1.652283
v 0.163434 0.575435 1.649122
v 0.309476 0.572713 1.851152
v 0.313545 0.529468 1.838593
v 0.341223 0.546649 1.830521
v 0.239623 0.598006 1.744599
v 0.267429 0.615179 1.736964
v 0.264161 0.648417 1.741868
v 0.235956 0.640897 1.758432
v 0.231133 0.614218 1.754620
v 0.337657 0.579987 1.834440
v 0.306288 0.546557 1.848897
v 0.381238 0.483710 1.974233
v 0.409012 0.495537 1.962194
v 0.384118 0.450771 1.943164
v 0.375801 0.464884 1.948357
v 0.409413 0.467956 1.945507
v 0.231561 0.675078 1.706974
v 0.234830 0.641840 1.702069
v 0.200390 0.646622 1.722159
v 0.203356 0.667558 1.723537
v 0.207023 0.624667 1.709704
v 0.227185 0.668631 1.778914
v 0.252467 0.675372 1.764066
v 0.199512 0.689942 1.750342
v 0.224794 0.696683 1.735495
v 0.225621 0.686229 1.805292
v 0.241113 0.689962 1.793610
v 0.202374 0.704131 1.781290
v 0.223612 0.709794 1.768817
v 0.223781 0.695369 1.832433
v 0.241072 0.699979 1.822278
v 0.204854 0.709944 1.812893
v 0.222145 0.714554 1.802738
v 0.218024 0.698850 1.860265
v 0.225900 0.700950 1.855639
v 0.209402 0.705490 1.851363
v 0.217279 0.707590 1.846737
v 0.349159 0.562159 1.860039
v 0.320977 0.554886 1.876750
v 0.331328 0.513018 1.864781
v 0.357911 0.531522 1.855207
v 0.324072 0.530107 1.875085
v 0.301265 0.613170 1.911741
v 0.324701 0.631552 1.903360
v 0.314321 0.595470 1.933090
v 0.337757 0.613853 1.924708
v 0.277091 0.624477 1.987750
v 0.294821 0.638385 1.981409
v 0.286969 0.611086 2.003902
v 0.304699 0.624994 1.997561
v 0.235002 0.605475 2.062091
v 0.249095 0.616529 2.057051
v 0.242853 0.594831 2.074930
v 0.256946 0.605885 2.069889
v 0.201736 0.578221 2.113804
v 0.212085 0.586339 2.110102
v 0.207502 0.570404 2.123232
v 0.217851 0.578522 2.119531
v 0.137092 -0.624727 0.066577
v 0.150078 -0.602947 0.008225
v 0.128298 -0.595923 0.083187
v 0.136616 -0.555729 0.008225
v 0.104971 -0.585154 0.089496
v 0.104116 -0.536171 0.008225
v 0.080398 -0.594334 0.083536
v 0.071615 -0.555729 0.008225
v 0.071520 -0.624798 0.066606
v 0.058153 -0.602947 0.008225
v 0.081261 -0.654920 0.050009
v 0.071615 -0.650165 0.008225
v 0.104593 -0.667239 0.043333
v 0.104116 -0.669723 0.008225
v 0.126625 -0.654507 0.049994
v 0.136616 -0.650165 0.008225
v 0.136932 -0.665636 0.132706
v 0.127729 -0.631312 0.151757
v 0.104650 -0.618461 0.156000
v 0.081285 -0.634197 0.151325
v 0.067222 -0.665885 0.132695
v 0.078831 -0.698955 0.113008
v 0.104049 -0.712234 0.104603
v 0.127710 -0.698835 0.112718
v 0.154925 -0.603462 0.513246
v 0.141174 -0.572879 0.480993
v 0.109456 -0.559901 0.467279
v 0.077967 -0.571439 0.480014
v 0.065171 -0.600721 0.511604
v 0.078873 -0.631580 0.543847
v 0.111055 -0.645853 0.557894
v 0.142603 -0.634020 0.545140
v 0.203390 -0.503758 0.753792
v 0.207750 -0.445049 0.694848
v 0.164088 -0.422828 0.631216
v 0.102134 -0.441629 0.604886
v 0.068556 -0.493046 0.628887
v 0.068331 -0.562059 0.698344
v 0.118443 -0.584569 0.759229
v 0.154946 -0.568788 0.781406
v 0.245878 -0.396164 0.995809
v 0.268393 -0.288769 0.912301
v 0.203545 -0.254699 0.794864
v 0.123550 -0.602857 0.946926
v 0.184464 -0.555057 1.022633
v 0.127253 -0.380036 0.893854
v 0.020093 -0.594493 1.097331
v 0.025610 -0.469230 1.183777
v 0.016768 -0.607855 1.104823
v 0.015627 -0.624960 1.011869
v 0.013964 -0.647905 1.039540
v 0.012515 -0.647160 1.007965
v 0.129573 0.751085 1.543874
v 0.131415 0.758726 1.547379
v 0.162195 0.737123 1.582964
v 0.163746 0.727911 1.590413
v 0.122135 0.767824 1.622637
v 0.127207 0.753471 1.623686
v 0.174762 0.737444 1.629649
v 0.130479 0.750374 1.591190
v 0.081976 0.793848 1.539060
v 0.131374 0.741726 1.603356
v 0.080374 0.775000 1.538438
v 0.169211 0.729215 1.626923
v 0.123843 0.764252 1.616199
v 0.167876 0.739455 1.623668
v 0.125214 0.773605 1.623165
v 0.126007 0.768314 1.616570
v 0.059193 0.792368 1.559713
v 0.397874 0.454335 2.001664
v 0.425771 0.468889 1.995839
v 0.408530 0.420569 1.974353
v 0.400918 0.439614 1.985671
v 0.433811 0.440457 1.977514
v 0.442012 0.404911 1.944304
v 0.413024 0.394927 1.947938
v 0.439074 0.387570 1.987712
v 0.417943 0.379651 1.991268
v 0.441968 0.344628 1.959743
v 0.422963 0.339676 1.962100
v 0.439660 0.339295 1.992826
v 0.425606 0.334731 1.988339
v 0.444637 0.345851 2.067139
v 0.430481 0.341388 2.068707
v 0.443688 0.313799 2.081860
v 0.432666 0.310325 2.083080
v 0.431297 0.341367 2.121930
v 0.426628 0.339895 2.122448
v 0.430984 0.330795 2.126786
v 0.427348 0.329649 2.127188
v -0.133752 -0.117908 0.795401
v -0.123750 0.064115 0.795921
v -0.170740 -0.228889 1.110052
v -0.168010 0.066437 1.096376
v -0.156458 -0.420931 1.119604
v -0.141826 0.285635 0.829138
v -0.167762 0.269711 1.139902
v -0.152267 0.606809 0.942984
v -0.134294 0.495049 1.196905
v -0.056919 0.796742 1.297161
v -0.083865 0.857496 1.355334
v -0.074000 0.811775 1.550432
v -0.050677 0.980591 1.367599
v -0.046661 0.951928 1.447483
v -0.038603 1.040402 1.372299
v -0.035814 1.038020 1.421013
v -0.047216 1.016454 1.370978
v -0.045986 1.013508 1.430275
v 0.000000 -0.274399 0.713549
v -0.000000 0.053024 0.640844
v 0.000000 -0.291729 1.226722
v -0.000000 0.053307 1.217364
v 0.000000 -0.438683 0.718471
v 0.000000 -0.450822 1.199497
v 0.000000 -0.571204 0.764721
v 0.000000 -0.600335 1.096470
v -0.000000 0.267549 0.694338
v -0.000000 0.257537 1.271026
v -0.000000 0.617925 0.778862
v -0.000000 0.466305 1.313535
v -0.000000 0.853630 1.237042
v -0.000000 0.664090 1.486616
v -0.000000 0.879088 1.327430
v -0.000000 0.796326 1.562086
v -0.000000 0.997481 1.333615
v -0.000000 0.953400 1.486877
v -0.000000 1.070786 1.368505
v -0.000000 1.069002 1.418198
v -0.000000 1.027671 1.340589
v -0.000000 1.010912 1.453107
v -0.205767 -0.100493 0.962111
v -0.192619 0.068699 0.966765
v -0.206328 0.271159 0.987193
v -0.145787 0.571681 1.061854
v -0.102742 0.779139 1.362241
v -0.095844 0.843190 1.410004
v -0.057048 0.958880 1.410621
v -0.041057 1.039870 1.396428
v -0.051267 1.014448 1.400774
v 0.000000 -0.629087 0.909269
v -0.000000 1.077329 1.391141
v -0.045543 0.609446 0.781930
v -0.054463 0.272939 0.722844
v -0.023280 1.061479 1.370351
v -0.024805 1.022433 1.351434
v -0.061738 -0.567173 1.090851
v -0.081825 -0.264553 1.192013
v -0.089122 0.059538 1.181800
v -0.092465 0.261394 1.218974
v -0.079346 0.474269 1.269290
v -0.020595 0.952451 1.477940
v -0.024136 1.009665 1.446190
v -0.033912 0.869018 1.339631
v -0.024173 0.830718 1.255220
v -0.025831 0.991561 1.345719
v -0.042209 -0.574279 0.768617
v -0.069283 0.813689 1.555545
v -0.081518 -0.440204 1.174769
v -0.021508 1.052115 1.416378
v -0.071808 -0.236262 0.741822
v -0.032227 -0.431717 0.718178
v -0.033520 0.051301 0.660551
v -0.022794 1.064011 1.394301
v -0.061533 -0.620977 0.910125
v -0.134497 0.275103 0.621540
v -0.126403 0.414704 0.593374
v -0.052370 0.262406 0.621371
v -0.057293 0.425854 0.609510
v -0.113754 0.292630 0.305226
v -0.119462 0.361960 0.320013
v -0.093052 0.287108 0.309726
v -0.088559 0.365232 0.312652
v -0.115782 0.279373 0.087871
v -0.117062 0.361249 0.101252
v -0.083350 0.272655 0.090427
v -0.082234 0.366237 0.099984
v -0.126506 0.316270 0.061285
v -0.119071 0.387154 0.068528
v -0.072288 0.304713 0.062866
v -0.080592 0.394399 0.067796
v -0.126454 0.315460 0.008248
v -0.121300 0.413629 0.011831
v -0.070620 0.308677 0.013909
v -0.077961 0.422071 0.010536
v -0.215151 0.439947 0.877267
v -0.162901 0.416799 1.178722
v -0.000000 0.445100 0.727706
v -0.000000 0.405143 1.310363
v -0.200054 0.432093 1.031252
v -0.086685 0.407217 1.253631
v -0.021697 0.459686 0.716615
v -0.167947 0.352450 0.609805
v -0.035701 0.347147 0.609425
v -0.137051 0.330787 0.310479
v -0.076497 0.329634 0.312558
v -0.125007 0.320323 0.098102
v -0.070058 0.314393 0.095343
v -0.126418 0.346762 0.064429
v -0.069530 0.345271 0.065605
v -0.131206 0.364323 0.009988
v -0.067854 0.363197 0.009988
v -0.081644 0.822420 1.497976
v -0.078480 0.726570 1.414118
v -0.044232 0.688727 1.453114
v -0.072274 0.908511 1.365628
v -0.073854 0.852447 1.463739
v -0.000000 0.923084 1.329512
v -0.000000 0.866557 1.536010
v -0.085847 0.876780 1.416478
v -0.065221 0.868051 1.524180
v -0.031691 0.916718 1.341204
v -0.030105 0.773373 1.557342
v -0.028104 0.788903 1.563025
v -0.070194 0.786588 1.550564
v -0.067283 0.778561 1.546602
v -0.050382 0.763641 1.542829
v -0.132742 0.701123 1.648549
v -0.133876 0.723617 1.656568
v -0.160852 0.732317 1.638595
v -0.165656 0.698051 1.632087
v -0.139244 0.679523 1.641333
v -0.088692 0.750331 1.615413
v -0.085913 0.731018 1.606246
v -0.096565 0.704288 1.593521
v -0.112495 0.739213 1.588985
v -0.113437 0.760198 1.596970
v -0.130434 0.759863 1.716358
v -0.151132 0.759395 1.702367
v -0.109336 0.781793 1.686589
v -0.131425 0.785281 1.677502
v -0.133647 0.782977 1.773962
v -0.149503 0.782619 1.763244
v -0.117485 0.799777 1.751157
v -0.134406 0.802449 1.744195
v -0.131140 0.794912 1.833355
v -0.136085 0.794800 1.830013
v -0.126100 0.800152 1.826243
v -0.131377 0.800985 1.824072
v -0.174966 0.664606 1.624387
v -0.164741 0.661832 1.628972
v -0.159648 0.666705 1.604778
v -0.169365 0.670358 1.600741
v -0.294176 0.568535 1.847932
v -0.298891 0.525456 1.835028
v -0.325071 0.543711 1.824647
v -0.237025 0.598006 1.748068
v -0.265613 0.615179 1.744299
v -0.261706 0.648417 1.748711
v -0.231505 0.640897 1.761272
v -0.225801 0.616525 1.754283
v -0.320519 0.576890 1.828889
v -0.291859 0.542267 1.845930
v -0.333185 0.504407 1.928612
v -0.359450 0.517036 1.918151
v -0.346278 0.460834 1.926150
v -0.333656 0.487716 1.923918
v -0.366220 0.477029 1.925553
v -0.234172 0.675078 1.709695
v -0.238080 0.641840 1.705282
v -0.201221 0.646622 1.720485
v -0.203972 0.667558 1.722255
v -0.209492 0.624667 1.709052
v -0.000000 0.770978 1.556260
v -0.334863 0.559598 1.853398
v -0.308520 0.551243 1.872440
v -0.313235 0.508165 1.859537
v -0.339415 0.526419 1.849155
v -0.306203 0.524975 1.870438
v -0.288159 0.612132 1.914380
v -0.311107 0.630669 1.905047
v -0.301992 0.595076 1.935763
v -0.324940 0.613613 1.926430
v -0.265671 0.624687 1.990710
v -0.283033 0.638713 1.983649
v -0.276137 0.611783 2.006889
v -0.293499 0.625808 1.999827
v -0.225688 0.606649 2.066441
v -0.239488 0.617797 2.060828
v -0.234007 0.596392 2.079300
v -0.247807 0.607540 2.073687
v -0.194097 0.580014 2.119509
v -0.204232 0.588200 2.115387
v -0.200206 0.572481 2.128952
v -0.210341 0.580668 2.124830
v -0.137092 -0.624727 0.066577
v -0.150078 -0.602947 0.008225
v -0.128298 -0.595923 0.083187
v -0.136616 -0.555729 0.008225
v -0.104971 -0.585154 0.089496
v -0.104116 -0.536171 0.008225
v -0.080398 -0.594334 0.083536
v -0.071615 -0.555729 0.008225
v -0.071520 -0.624798 0.066606
v -0.058153 -0.602947 0.008225
v -0.081261 -0.654920 0.050009
v -0.071615 -0.650165 0.008225
v -0.104593 -0.667239 0.043333
v -0.104116 -0.669723 0.008225
v -0.126625 -0.654507 0.049994
v -0.136616 -0.650165 0.008225
v -0.136932 -0.665636 0.132706
v -0.127729 -0.631312 0.151757
v -0.104650 -0.618461 0.156000
v -0.081285 -0.634197 0.151325
v -0.067222 -0.665885 0.132695
v -0.078831 -0.698955 0.113008
v -0.104049 -0.712234 0.104603
v -0.127710 -0.698835 0.112718
v -0.154925 -0.603462 0.513246
v -0.141174 -0.572879 0.480993
v -0.109456 -0.559901 0.467279
v -0.077967 -0.571439 0.480014
v -0.065171 -0.600721 0.511604
v -0.078873 -0.631580 0.543847
v -0.111055 -0.645853 0.557894
v -0.142603 -0.634020 0.545140
v -0.203390 -0.503758 0.753792
v -0.207750 -0.445049 0.694848
v -0.164088 -0.422828 0.631216
v -0.102134 -0.441629 0.604886
v -0.068556 -0.493046 0.628887
v -0.068331 -0.562059 0.698344
v -0.118443 -0.584569 0.759229
v -0.154946 -0.568788 0.781406
v -0.245878 -0.396164 0.995809
v -0.268393 -0.288769 0.912301
v -0.203545 -0.254699 0.794864
v -0.123550 -0.602857 0.946926
v -0.184464 -0.555057 1.022633
v -0.127253 -0.380036 0.893854
v -0.020093 -0.594493 1.097331
v 0.000000 -0.492245 1.193051
v 0.000000 -0.610395 1.111636
v -0.025610 -0.469230 1.183777
v -0.016768 -0.607855 1.104823
v 0.000000 -0.619965 1.012776
v 0.000000 -0.653514 1.043165
v -0.015627 -0.624960 1.011869
v -0.013964 -0.647905 1.039540
v 0.000000 -0.652335 1.007430
v -0.012515 -0.647160 1.007965
v -0.129573 0.751085 1.543874
v -0.131415 0.758726 1.547379
v -0.162195 0.737123 1.582964
v -0.163746 0.727911 1.590413
v -0.122135 0.767824 1.622637
v -0.127207 0.753471 1.623686
v -0.174762 0.737444 1.629649
v -0.130479 0.750374 1.591190
v -0.081976 0.793848 1.539060
v -0.131374 0.741726 1.603356
v -0.080374 0.775000 1.538438
v -0.169211 0.729215 1.626923
v -0.123843 0.764252 1.616199
v -0.167876 0.739455 1.623668
v -0.125214 0.773605 1.623165
v -0.126007 0.768314 1.616570
v -0.059193 0.792368 1.559713
v -0.347669 0.470467 1.991556
v -0.373472 0.485423 1.983234
v -0.356629 0.439729 1.973725
v -0.347611 0.453676 1.977863
v -0.376185 0.456266 1.975818
v -0.372102 0.397404 1.996323
v -0.383899 0.396825 1.993813
v -0.370534 0.392442 1.975827
v -0.384085 0.391582 1.973465
v -0.375650 0.418472 2.085685
v -0.357446 0.416260 2.085356
v -0.364080 0.407124 2.085578
v -0.371967 0.439301 2.086330
v -0.355924 0.429856 2.092226
v 0.444627 0.299656 1.967833
v 0.430332 0.295931 1.969605
v 0.442895 0.300323 1.999885
v 0.431649 0.296468 2.000406
v 0.440691 0.258917 1.989246
v 0.431467 0.258840 1.991729
v 0.442612 0.269697 2.007988
v 0.435211 0.268870 2.009698
v 0.431521 0.237986 2.020844
v 0.425194 0.236133 2.021373
v 0.430746 0.237686 2.038187
v 0.425797 0.235819 2.038213
v 0.425287 0.354493 2.034195
v 0.442931 0.360683 2.031633
v 0.429717 0.317718 2.035460
v 0.442255 0.321737 2.037093
v 0.390881 0.533476 2.072181
v 0.407433 0.542258 2.066920
v 0.402731 0.511972 2.097247
v 0.419073 0.521901 2.093620
v 0.386012 0.549795 2.133077
v 0.396703 0.555467 2.129679
v 0.395196 0.532413 2.152228
v 0.405750 0.538826 2.149886
v 0.407903 0.523447 2.012186
v 0.421757 0.498791 2.043979
v 0.399497 0.485265 2.048920
v 0.385355 0.511483 2.019353
v 0.380406 0.551453 2.168878
v 0.387102 0.555005 2.166750
v 0.386340 0.539491 2.181952
v 0.392950 0.543507 2.180484
v -0.375045 0.324000 2.036916
v -0.381097 0.323703 2.035628
v -0.373388 0.318445 2.029853
v -0.379381 0.317491 2.028608
v -0.369553 0.364252 1.994235
v -0.379893 0.362606 1.992086
v -0.372902 0.378526 2.008127
v -0.383344 0.378013 2.005905
v -0.372975 0.336718 1.983698
v -0.364232 0.338045 1.985493
v -0.375552 0.335743 1.997605
v -0.367813 0.336917 1.999194
v -0.367528 0.295696 1.995812
v -0.362715 0.296427 1.996800
v -0.368969 0.295153 2.003692
v -0.364708 0.295800 2.004567
v -0.370313 0.405875 2.134025
v -0.359316 0.404539 2.133826
v -0.363324 0.399020 2.133961
v -0.368089 0.418458 2.134415
v -0.358397 0.412752 2.137977
v -0.367114 0.419489 1.984320
v -0.383073 0.427127 1.984067
v -0.378459 0.435020 1.948762
v -0.361441 0.427701 1.950286
v -0.182107 0.654285 1.620337
v -0.174007 0.651689 1.624450
v -0.168814 0.655530 1.604864
v -0.176490 0.658830 1.601219
v -0.197537 0.656406 1.768366
v -0.213839 0.634309 1.792336
v -0.220021 0.652155 1.798648
v -0.199579 0.671950 1.769680
v -0.186623 0.651839 1.812108
v -0.196734 0.641361 1.822220
v -0.199508 0.650171 1.825024
v -0.187489 0.659369 1.812572
v 0.066849 0.809903 1.302726
v 0.103376 0.779385 1.361682
v 0.030950 0.839996 1.262353
v 0.078783 0.727902 1.419672
v 0.043628 0.689057 1.459700
v 0.163208 0.563699 1.051135
v 0.150231 0.497803 1.174408
v 0.145679 0.677225 1.171834
v 0.129465 0.608202 1.259080
v 0.167034 0.609894 0.932910
v 0.126759 0.750173 1.035295
v 0.131233 0.733105 1.298799
v 0.107028 0.683086 1.353627
v 0.105837 0.790808 1.215215
v 0.046701 0.613941 0.750382
v 0.068034 0.471421 1.292136
v 0.050053 0.819399 1.123270
v 0.067495 0.643951 1.408767
v 0.052266 0.791946 0.972320
v 0.073790 0.551741 1.333510
v 0.054301 0.712857 0.835980
v 0.133581 0.684868 0.883354
v 0.082096 0.674424 0.816591
v -0.066849 0.809903 1.302726
v -0.000000 0.858326 1.237906
v -0.000000 0.665125 1.492759
v -0.103376 0.779385 1.361682
v -0.030950 0.839996 1.262353
v -0.078783 0.727902 1.419672
v -0.043628 0.689057 1.459700
v -0.163208 0.563699 1.051135
v -0.147945 0.499864 1.187944
v -0.145679 0.677225 1.171834
v -0.129465 0.608202 1.259080
v -0.167034 0.609894 0.932910
v -0.126759 0.750173 1.035295
v -0.131233 0.733105 1.298799
v -0.107028 0.683086 1.353627
v -0.105837 0.790808 1.215215
v -0.000000 0.798317 0.931685
v -0.000000 0.629751 0.741484
v 0.000217 0.466008 1.317861
v -0.000000 0.537902 1.389194
v -0.000000 0.829316 1.053869
v -0.000000 0.617316 1.460062
v -0.046701 0.613941 0.750382
v -0.069522 0.472142 1.291175
v -0.050053 0.819399 1.123270
v -0.067495 0.643951 1.408767
v -0.052266 0.791946 0.972320
v -0.073790 0.551741 1.333510
v -0.054301 0.712857 0.835980
v -0.000000 0.685486 0.804372
v -0.133581 0.684868 0.883354
v -0.082096 0.674424 0.816591
v -0.000000 0.856293 1.240698
vn 0.9732 0.0377 0.2268
vn 0.9263 -0.0218 -0.3763
vn 0.9301 0.3487 0.1156
vn 0.9636 0.2186 -0.1539
vn 0.9504 0.3100 -0.0254
vn 0.9320 0.3495 -0.0960
vn 0.9895 0.0921 -0.1116
vn -0.1598 0.3423 -0.9259
vn 0.3551 0.4679 -0.8093
vn 0.3763 0.0230 0.9262
vn 0.5133 -0.2003 0.8345
vn 0.3162 0.4631 0.8280
vn 0.4625 -0.5379 0.7048
vn 0.5861 0.7501 -0.3063
vn 0.4397 0.1898 -0.8779
vn 0.3643 -0.1230 0.9231
vn 0.3535 0.5128 0.7823
vn 0.2504 0.0228 -0.9679
vn 0.4636 0.2065 -0.8617
vn 0.3938 0.0684 -0.9166
vn 0.4348 -0.2000 0.8781
vn 0.0648 0.4195 0.9054
vn 0.4603 -0.1885 -0.8675
vn 0.5236 0.7829 0.3359
vn 0.0628 -0.3289 -0.9423
vn 0.4492 0.8778 -0.1663
vn 0.3188 -0.9277 0.1941
vn 0.9645 0.1087 0.2407
vn 0.8885 0.4156 0.1943
vn 0.8817 0.3147 0.3516
vn 0.9711 -0.1377 0.1949
vn 0.9028 0.3175 0.2902
vn 0.9739 -0.0665 0.2171
vn 0.9193 0.0663 -0.3880
vn 0.8039 0.5919 -0.0575
vn 0.7027 0.6498 0.2897
vn 0.7870 -0.0251 -0.6164
vn 0.9492 0.3097 0.0556
vn 0.7289 -0.1391 0.6703
vn 0.5997 0.1468 -0.7866
vn 0.8016 0.0577 -0.5951
vn 0.3852 0.5189 0.7631
vn 0.6494 -0.0416 0.7593
vn 0.6810 0.1436 -0.7181
vn 0.6618 0.5251 -0.5351
vn 0.6592 0.2729 0.7007
vn 0.7136 -0.1460 0.6852
vn 0.7032 0.0222 0.7106
vn 0.0613 -0.9361 -0.3464
vn 0.6338 0.3272 -0.7009
vn 0.8326 0.4585 -0.3108
vn 0.1240 0.9742 -0.1884
vn 0.1082 -0.9920 0.0643
vn 0.5010 0.6928 -0.5186
vn -0.9833 -0.1759 0.0476
vn 0.9396 0.3398 -0.0403
vn 0.8426 0.5241 -0.1238
vn -0.9569 -0.2592 -0.1312
vn 0.1717 -0.9833 -0.0607
vn -0.9816 -0.1905 -0.0106
vn -0.9394 -0.3380 0.0577
vn 0.2314 -0.9712 0.0576
vn 0.1249 0.9922 -0.0018
vn 0.1605 0.8917 0.4231
vn 0.0922 -0.6147 -0.7834
vn 0.1100 0.7634 0.6365
vn 0.9694 0.1661 0.1809
vn 0.0137 0.0221 -0.9997
vn 0.9749 0.1787 0.1324
vn -0.9981 -0.0578 0.0198
vn 0.1622 -0.9862 -0.0332
vn -0.9755 0.1883 0.1133
vn 0.9976 -0.0608 0.0345
vn -0.0461 -0.0202 -0.9987
vn 0.9890 -0.1368 0.0553
vn -0.9638 0.2661 0.0198
vn -0.9522 0.2037 0.2276
vn -0.9481 0.2794 -0.1518
vn 0.8936 -0.4431 -0.0720
vn 0.9249 -0.3801 -0.0006
vn -0.8792 0.2847 -0.3821
vn 0.9035 -0.4280 -0.0228
vn 0.7502 0.0462 0.6596
vn 0.9631 -0.0584 0.2628
vn 0.5210 -0.0956 0.8482
vn 0.1993 0.0906 -0.9757
vn 0.9661 -0.1875 -0.1775
vn 0.8270 0.1515 -0.5413
vn 0.9994 0.0310 0.0135
vn 0.5788 0.7786 0.2424
vn 0.8797 -0.4474 0.1609
vn 0.4297 0.1668 -0.8874
vn 0.7274 0.2997 0.6174
vn 0.8790 0.3746 0.2952
vn 0.1984 0.5159 0.8334
vn 0.3520 0.0458 -0.9349
vn 0.9568 0.2670 -0.1152
vn -0.7235 -0.2034 0.6597
vn 0.1168 -0.0430 0.9922
vn -0.8044 -0.5040 0.3146
vn 0.6723 -0.1138 -0.7315
vn -0.3907 0.8907 -0.2325
vn -0.7535 -0.4609 0.4688
vn 0.7133 0.2241 -0.6641
vn 0.7326 0.4566 -0.5048
vn -0.7361 -0.6736 0.0659
vn 0.0370 0.8070 0.5894
vn 0.4775 -0.3269 -0.8156
vn -0.7294 -0.2543 0.6350
vn 0.8547 0.4923 -0.1649
vn 0.7483 0.6090 -0.2630
vn -0.7731 -0.5162 0.3684
vn 0.4347 -0.7818 0.4470
vn 0.0614 -0.9904 0.1240
vn 0.2180 -0.9099 0.3529
vn -0.2440 0.9417 -0.2315
vn -0.8418 -0.4830 0.2408
vn -0.1068 0.9871 0.1192
vn -0.1744 0.9836 -0.0464
vn -0.7536 -0.6553 0.0513
vn 0.7934 0.6087 0.0049
vn 0.2322 0.8113 0.5366
vn -0.7183 -0.6958 -0.0035
vn 0.7327 0.6704 0.1172
vn 0.0102 -0.9988 0.0485
vn 0.8273 0.1564 -0.5396
vn 0.1840 -0.3074 -0.9336
vn -0.8314 -0.0423 0.5540
vn 0.1759 0.2661 0.9478
vn 0.2166 -0.6675 -0.7124
vn -0.7103 0.0396 0.7027
vn -0.7796 -0.5223 0.3456
vn 0.2323 -0.6890 -0.6865
vn 0.0804 -0.7516 -0.6547
vn 0.0084 0.8253 0.5646
vn -0.7667 0.0427 0.6406
vn 0.7806 0.1657 -0.6027
vn 0.0984 0.8367 0.5388
vn -0.8065 -0.5350 0.2516
vn -0.8960 -0.3201 0.3077
vn 0.3434 -0.6386 -0.6886
vn 0.9014 0.2676 -0.3405
vn -0.8486 -0.5038 0.1614
vn -0.8863 -0.2124 0.4116
vn 0.7652 0.1952 -0.6135
vn 0.1139 0.8167 0.5657
vn -0.7423 -0.0740 0.6659
vn 0.2044 -0.6546 -0.7278
vn -0.7951 -0.4320 0.4256
vn -0.4254 0.8369 -0.3444
vn 0.7614 0.5838 -0.2818
vn 0.5416 -0.3818 0.7489
vn -0.5134 0.6210 -0.5922
vn 0.7607 0.6356 -0.1317
vn -0.7646 -0.5562 0.3257
vn 0.7500 0.6474 -0.1357
vn 0.5115 -0.6883 0.5144
vn 0.3546 -0.9160 0.1879
vn 0.4217 -0.8532 0.3071
vn -0.3336 0.9315 -0.1451
vn -0.7105 -0.6801 0.1809
vn 0.0917 0.8387 0.5368
vn -0.1810 0.9743 0.1342
vn -0.5952 -0.8033 -0.0226
vn 0.4696 0.8625 0.1885
vn 0.0133 -0.5459 0.8378
vn -0.0172 -0.2240 0.9744
vn -0.8797 -0.0349 0.4743
vn -0.8289 -0.5014 0.2479
vn 0.9054 0.2237 -0.3610
vn 0.2708 -0.7249 -0.6334
vn 0.8969 0.4136 -0.1562
vn -0.7189 -0.6834 -0.1270
vn 0.5705 -0.6098 0.5501
vn -0.8999 -0.4036 0.1653
vn -0.5701 0.6229 -0.5358
vn 0.3617 0.8143 0.4539
vn 0.6652 0.7217 0.1915
vn -0.6529 0.6909 -0.3104
vn 0.6503 -0.6493 0.3944
vn 0.6313 -0.7722 0.0715
vn -0.6457 0.7431 -0.1756
vn 0.6508 -0.7206 0.2393
vn -0.3950 -0.8113 -0.4310
vn -0.2632 0.6574 0.7060
vn -0.1950 -0.8103 -0.5525
vn 0.1600 0.8058 0.5702
vn -0.6119 0.7906 0.0230
vn 0.9420 0.2205 0.2530
vn 0.4641 0.7596 0.4557
vn -0.4373 0.7731 0.4594
vn -0.9429 0.2158 0.2538
vn -0.9410 -0.3110 0.1336
vn -0.4919 -0.8698 0.0391
vn -0.0000 -0.0000 -1.0000
vn 0.5053 -0.8619 0.0417
vn 0.9382 -0.3200 0.1318
vn -0.4902 0.7645 0.4186
vn 0.9480 -0.3182 0.0114
vn -0.5200 -0.6884 -0.5056
vn -0.9522 0.2714 0.1399
vn 0.5467 -0.6783 -0.4910
vn 0.4864 0.7775 0.3986
vn -0.9580 -0.2140 -0.1910
vn 0.9651 -0.2151 -0.1492
vn 0.9705 0.2074 0.1227
vn -0.1478 0.7461 -0.6492
vn -0.4396 -0.8876 0.1378
vn -0.9184 0.3882 -0.0771
vn 0.4442 0.8790 -0.1732
vn 0.4210 -0.8987 0.1227
vn -0.9320 -0.3580 0.0563
vn -0.4584 0.8734 -0.1645
vn 0.9444 0.3146 -0.0953
vn 0.5844 -0.8095 -0.0558
vn 0.9753 -0.0990 -0.1974
vn 0.8600 -0.5060 0.0654
vn -0.5893 -0.7600 0.2741
vn -0.9039 0.3523 -0.2426
vn 0.7384 0.4175 -0.5296
vn 0.3346 -0.9092 0.2478
vn -0.9946 -0.0967 0.0369
vn 0.8656 0.0485 0.4983
vn -0.9304 -0.2122 -0.2988
vn 0.3045 0.5927 -0.7457
vn 0.9694 -0.2301 -0.0854
vn 0.8955 -0.4446 -0.0218
vn -0.1481 -0.9806 -0.1280
vn -0.8163 0.2412 -0.5248
vn 0.8628 0.2499 -0.4394
vn 0.9520 0.2969 0.0748
vn 0.4419 -0.8322 -0.3350
vn 0.2788 -0.8973 0.3422
vn 0.3900 0.2025 -0.8983
vn 0.6624 -0.3432 0.6659
vn 0.8665 -0.1643 -0.4714
vn 0.9242 -0.1918 -0.3302
vn 0.1101 -0.9526 0.2835
vn 0.8171 0.4184 -0.3967
vn 0.5918 -0.5066 0.6270
vn 0.5433 -0.4581 0.7035
vn 0.5424 -0.4932 0.6801
vn 0.9904 -0.1384 -0.0024
vn 0.3735 -0.9270 -0.0345
vn 0.3741 -0.7910 0.4840
vn -0.0231 0.9587 -0.2833
vn -0.0141 0.1679 -0.9857
vn 0.9929 -0.1190 0.0047
vn 0.3647 -0.2569 0.8950
vn 0.5035 -0.6385 0.5821
vn -0.4260 -0.8956 -0.1280
vn -0.1474 -0.0701 0.9866
vn 0.7263 -0.1685 -0.6664
vn -0.8199 -0.1702 0.5466
vn -0.0818 0.8262 0.5574
vn -0.4872 -0.7957 0.3598
vn 0.5042 0.8463 0.1721
vn -0.6858 -0.6998 0.2000
vn 0.7583 -0.3540 -0.5474
vn 0.3605 0.9270 -0.1034
vn -0.3613 -0.9284 0.0872
vn 0.9421 -0.2699 -0.1989
vn 0.2094 0.1239 -0.9700
vn 0.8020 0.5243 -0.2861
vn 0.7482 0.6442 -0.1589
vn 0.5058 0.8042 -0.3120
vn 0.5605 0.6936 -0.4525
vn 0.1676 0.0007 -0.9858
vn -0.7042 0.1295 -0.6981
vn -0.1408 -0.0154 0.9899
vn 0.9497 0.2067 0.2353
vn 0.8829 0.4695 0.0049
vn -0.1523 0.7426 -0.6522
vn 0.4115 -0.4611 0.7862
vn 0.2916 -0.5090 0.8099
vn -0.8406 -0.5034 0.2001
vn 0.8987 0.3217 -0.2980
vn 0.9225 0.3671 -0.1196
vn -0.2491 0.8908 0.3800
vn 0.9488 0.3029 -0.0899
vn -0.9292 -0.3313 0.1635
vn -0.0070 -0.0336 -0.9994
vn -0.2191 0.2096 0.9529
vn -0.9843 -0.1664 0.0586
vn -0.0425 -0.2514 -0.9670
vn 0.9971 0.0190 0.0740
vn 0.9667 0.0826 0.2421
vn -0.9938 -0.0787 0.0789
vn 0.9981 -0.0369 -0.0495
vn 0.3014 -0.9382 -0.1700
vn -0.0312 0.4179 0.9080
vn 0.3151 -0.8547 0.4125
vn -0.9918 -0.1040 -0.0740
vn -0.3002 0.9539 0.0050
vn -0.9732 0.0377 0.2268
vn -0.9263 -0.0218 -0.3763
vn -0.9392 0.3199 0.1247
vn -0.9636 0.2186 -0.1539
vn -0.9504 0.3100 -0.0254
vn -0.9320 0.3495 -0.0960
vn -0.9895 0.0921 -0.1116
vn 0.1421 0.3454 -0.9276
vn -0.3551 0.4679 -0.8093
vn -0.3763 0.0230 0.9262
vn -0.5133 -0.2003 0.8345
vn -0.3162 0.4631 0.8280
vn -0.4625 -0.5379 0.7048
vn -0.5861 0.7501 -0.3063
vn -0.4397 0.1898 -0.8779
vn -0.3643 -0.1230 0.9231
vn -0.3535 0.5128 0.7823
vn -0.2504 0.0228 -0.9679
vn -0.4636 0.2065 -0.8617
vn -0.3938 0.0684 -0.9166
vn -0.4348 -0.2000 0.8781
vn -0.0648 0.4195 0.9054
vn -0.4603 -0.1885 -0.8675
vn -0.5236 0.7829 0.3359
vn -0.0628 -0.3289 -0.9423
vn -0.4492 0.8778 -0.1663
vn -0.3188 -0.9277 0.1941
vn -0.9645 0.1087 0.2407
vn -0.8885 0.4156 0.1943
vn -0.8817 0.3147 0.3516
vn -0.9711 -0.1377 0.1949
vn -0.9215 0.2936 0.2542
vn -0.9739 -0.0665 0.2171
vn -0.9193 0.0663 -0.3880
vn -0.8039 0.5919 -0.0575
vn -0.7027 0.6498 0.2897
vn -0.7870 -0.0251 -0.6164
vn -0.9492 0.3097 0.0556
vn -0.7289 -0.1391 0.6703
vn -0.5997 0.1468 -0.7866
vn -0.8016 0.0577 -0.5951
vn -0.3852 0.5189 0.7631
vn -0.6494 -0.0416 0.7593
vn -0.6810 0.1436 -0.7181
vn -0.6618 0.5251 -0.5351
vn -0.6592 0.2729 0.7007
vn -0.7136 -0.1460 0.6852
vn -0.7032 0.0222 0.7106
vn -0.0613 -0.9361 -0.3464
vn -0.6338 0.3272 -0.7009
vn -0.8410 0.4484 -0.3028
vn -0.1240 0.9742 -0.1884
vn -0.1082 -0.9920 0.0643
vn -0.4837 0.7042 -0.5198
vn 0.9833 -0.1759 0.0476
vn -0.9396 0.3398 -0.0403
vn -0.8426 0.5241 -0.1238
vn 0.9569 -0.2592 -0.1312
vn -0.1717 -0.9833 -0.0607
vn 0.9816 -0.1905 -0.0106
vn 0.9394 -0.3380 0.0577
vn -0.2314 -0.9712 0.0576
vn -0.1249 0.9922 -0.0018
vn -0.1605 0.8917 0.4231
vn -0.0922 -0.6147 -0.7834
vn -0.1100 0.7634 0.6365
vn -0.9694 0.1661 0.1809
vn -0.0137 0.0221 -0.9997
vn -0.9749 0.1787 0.1324
vn 0.9981 -0.0578 0.0198
vn -0.1622 -0.9862 -0.0332
vn 0.9755 0.1883 0.1133
vn -0.9976 -0.0608 0.0345
vn 0.0461 -0.0202 -0.9987
vn -0.9890 -0.1368 0.0553
vn 0.9638 0.2661 0.0198
vn 0.9522 0.2037 0.2276
vn 0.9481 0.2794 -0.1518
vn -0.8936 -0.4431 -0.0720
vn -0.9249 -0.3801 -0.0006
vn 0.8793 0.2842 -0.3820
vn -0.9091 -0.4161 -0.0185
vn -0.7436 0.0284 0.6680
vn -0.9696 -0.0303 0.2429
vn -0.5215 -0.0947 0.8480
vn -0.1993 0.0906 -0.9757
vn -0.9734 -0.1586 -0.1655
vn -0.8270 0.1515 -0.5413
vn -0.9994 0.0310 0.0135
vn -0.5788 0.7786 0.2424
vn -0.8797 -0.4474 0.1609
vn -0.4297 0.1668 -0.8874
vn -0.7274 0.2997 0.6174
vn -0.8790 0.3746 0.2952
vn -0.1984 0.5159 0.8334
vn -0.3520 0.0458 -0.9349
vn -0.9568 0.2670 -0.1152
vn 0.7235 -0.2034 0.6597
vn -0.1168 -0.0430 0.9922
vn 0.8405 -0.4979 0.2134
vn -0.7935 0.4996 -0.3475
vn 0.3907 0.8907 -0.2325
vn 0.7535 -0.4609 0.4688
vn -0.7133 0.2241 -0.6641
vn -0.7326 0.4566 -0.5048
vn 0.7361 -0.6736 0.0659
vn -0.0370 0.8070 0.5894
vn -0.4775 -0.3269 -0.8156
vn 0.7294 -0.2543 0.6350
vn -0.8547 0.4923 -0.1649
vn -0.7483 0.6090 -0.2630
vn 0.7731 -0.5162 0.3684
vn -0.4347 -0.7818 0.4470
vn -0.1134 -0.9731 0.2003
vn -0.2180 -0.9099 0.3529
vn 0.2440 0.9417 -0.2315
vn 0.8418 -0.4830 0.2408
vn 0.1510 0.9885 0.0124
vn 0.7772 -0.6224 0.0923
vn -0.7756 0.6298 0.0410
vn -0.2322 0.8113 0.5366
vn -0.8600 0.1721 -0.4803
vn 0.0033 -0.2149 -0.9766
vn 0.5294 -0.8484 0.0020
vn -0.3965 -0.0886 0.9138
vn -0.3118 -0.6675 -0.6762
vn -0.8409 -0.3631 0.4012
vn -0.2316 -0.6479 -0.7257
vn -0.8280 0.5544 -0.0837
vn -0.0103 0.8061 0.5917
vn 0.8023 0.0212 0.5966
vn -0.8555 0.1657 -0.4905
vn -0.1133 0.7917 0.6003
vn 0.8377 -0.5175 0.1746
vn 0.9786 -0.1083 0.1751
vn -0.3683 -0.6913 -0.6217
vn -0.9561 0.1367 -0.2591
vn 0.8910 -0.4298 0.1461
vn 0.9103 -0.0253 0.4133
vn -0.7632 0.1980 -0.6151
vn -0.0822 0.8082 0.5832
vn 0.7356 -0.0857 0.6719
vn -0.2361 -0.6326 -0.7376
vn 0.7845 -0.4492 0.4276
vn -0.0227 0.8328 0.5531
vn -0.0133 -0.5459 0.8378
vn 0.0172 -0.2240 0.9744
vn 0.8515 0.0352 0.5232
vn 0.8641 -0.4730 0.1720
vn -0.8985 0.1748 -0.4026
vn -0.2438 -0.7195 -0.6503
vn -0.8734 0.4415 -0.2058
vn 0.7115 -0.6962 -0.0951
vn -0.6190 -0.6008 0.5058
vn 0.8746 -0.4370 0.2099
vn 0.6175 0.6169 -0.4880
vn -0.3604 0.8288 0.4280
vn -0.6588 0.7350 0.1601
vn 0.6705 0.6747 -0.3085
vn -0.6693 -0.6314 0.3916
vn -0.6443 -0.7614 0.0720
vn 0.6608 0.7299 -0.1750
vn -0.6671 -0.7059 0.2381
vn 0.3932 -0.8258 -0.4043
vn 0.2558 0.6683 0.6985
vn 0.1963 -0.8245 -0.5307
vn -0.1618 0.8198 0.5493
vn 0.6229 0.7820 0.0217
vn -0.9420 0.2205 0.2530
vn -0.4641 0.7596 0.4557
vn 0.4373 0.7731 0.4594
vn 0.9429 0.2158 0.2538
vn 0.9410 -0.3110 0.1336
vn 0.4919 -0.8698 0.0391
vn -0.5053 -0.8619 0.0417
vn -0.9382 -0.3200 0.1318
vn 0.4902 0.7645 0.4186
vn -0.9480 -0.3182 0.0114
vn 0.5200 -0.6884 -0.5056
vn 0.9522 0.2714 0.1399
vn -0.5467 -0.6783 -0.4910
vn -0.4864 0.7775 0.3986
vn 0.9580 -0.2140 -0.1910
vn -0.9651 -0.2151 -0.1492
vn -0.9705 0.2074 0.1227
vn 0.1478 0.7461 -0.6492
vn 0.4396 -0.8876 0.1378
vn 0.9184 0.3882 -0.0771
vn -0.4442 0.8790 -0.1732
vn -0.4210 -0.8987 0.1227
vn 0.9320 -0.3580 0.0563
vn 0.4584 0.8734 -0.1645
vn -0.9444 0.3146 -0.0953
vn -0.5844 -0.8095 -0.0558
vn -0.9753 -0.0990 -0.1974
vn -0.8600 -0.5060 0.0654
vn 0.5893 -0.7600 0.2741
vn 0.9039 0.3523 -0.2426
vn -0.7384 0.4175 -0.5296
vn -0.3346 -0.9092 0.2478
vn 0.9946 -0.0967 0.0368
vn -0.8656 0.0485 0.4983
vn 0.9304 -0.2122 -0.2988
vn -0.3045 0.5927 -0.7457
vn -0.9694 -0.2301 -0.0854
vn -0.8955 -0.4446 -0.0218
vn 0.1481 -0.9806 -0.1280
vn 0.8163 0.2412 -0.5248
vn -0.8628 0.2499 -0.4394
vn -0.9520 0.2969 0.0748
vn -0.4419 -0.8322 -0.3350
vn -0.2788 -0.8973 0.3422
vn -0.3900 0.2025 -0.8983
vn -0.6624 -0.3432 0.6659
vn -0.8665 -0.1643 -0.4714
vn -0.9242 -0.1918 -0.3302
vn -0.1101 -0.9526 0.2835
vn -0.8171 0.4184 -0.3967
vn -0.5918 -0.5066 0.6270
vn -0.5433 -0.4581 0.7035
vn -0.5424 -0.4932 0.6801
vn -0.9904 -0.1384 -0.0024
vn -0.3735 -0.9270 -0.0345
vn -0.3741 -0.7910 0.4840
vn 0.0231 0.9587 -0.2833
vn 0.0141 0.1679 -0.9857
vn -0.9929 -0.1190 0.0047
vn -0.3647 -0.2569 0.8950
vn -0.5035 -0.6385 0.5821
vn 0.4260 -0.8956 -0.1280
vn 0.1474 -0.0701 0.9866
vn -0.7263 -0.1685 -0.6664
vn 0.8199 -0.1702 0.5466
vn 0.0818 0.8262 0.5574
vn 0.4872 -0.7957 0.3598
vn -0.5042 0.8463 0.1721
vn 0.6858 -0.6998 0.2000
vn -0.7583 -0.3540 -0.5474
vn -0.3605 0.9270 -0.1034
vn 0.3613 -0.9284 0.0872
vn -0.9421 -0.2699 -0.1989
vn -0.2094 0.1239 -0.9700
vn -0.8020 0.5243 -0.2861
vn -0.7482 0.6442 -0.1589
vn -0.5058 0.8042 -0.3120
vn -0.5605 0.6936 -0.4525
vn -0.1676 0.0007 -0.9858
vn 0.7042 0.1295 -0.6981
vn 0.1408 -0.0154 0.9899
vn -0.9497 0.2067 0.2353
vn -0.8829 0.4695 0.0049
vn 0.1523 0.7426 -0.6522
vn -0.4115 -0.4611 0.7862
vn -0.9915 0.1178 0.0559
vn 0.8836 -0.4664 -0.0418
vn -0.9806 0.1345 -0.1428
vn 0.2660 0.8327 0.4856
vn 0.9795 -0.1617 0.1204
vn -0.9957 0.0513 -0.0768
vn 0.0054 0.3829 0.9238
vn 0.2532 -0.6070 -0.7533
vn 0.8312 -0.5452 -0.1085
vn 0.9949 -0.0849 0.0546
vn 0.3689 0.8507 0.3743
vn -0.6562 -0.7130 -0.2469
vn 0.8029 -0.5857 -0.1107
vn -0.0063 -0.5373 -0.8434
vn 0.9984 -0.0554 0.0088
vn -0.9874 -0.1479 0.0571
vn -0.0745 -0.1808 -0.9807
vn 0.9943 0.0820 0.0675
vn -0.9522 0.3036 0.0342
vn 0.0420 0.2882 0.9567
vn -0.9940 -0.0200 0.1075
vn -0.0793 -0.4845 -0.8712
vn 0.3125 -0.9498 -0.0155
vn -0.0119 -0.8129 -0.5823
vn 0.9495 -0.3081 0.0593
vn -0.0445 0.6773 0.7344
vn 0.3600 -0.8636 -0.3531
vn 0.9969 -0.0105 -0.0782
vn -0.9875 -0.1473 0.0566
vn -0.2177 0.8246 0.5222
vn -0.5158 0.8163 -0.2600
vn -0.9395 -0.2698 0.2113
vn -0.5181 0.8075 -0.2820
vn 0.5405 -0.7512 0.3789
vn 0.7407 0.6397 0.2053
vn 0.8503 0.5248 0.0390
vn 0.5416 -0.7610 0.3572
vn -0.8983 -0.4374 0.0426
vn 0.5055 -0.7217 0.4729
vn -0.5140 0.7472 -0.4212
vn -0.9322 -0.2765 0.2336
vn 0.9235 0.3497 -0.1578
vn -0.2050 0.6901 0.6940
vn 0.5422 -0.7666 0.3441
vn -0.8292 -0.5480 -0.1100
vn -0.4943 0.8614 -0.1173
vn -0.0529 -0.7725 0.6328
vn 0.9819 0.0573 0.1804
vn -0.2062 0.4632 0.8619
vn -0.9854 -0.1124 -0.1277
vn -0.9930 -0.1150 -0.0254
vn -0.2017 0.5254 0.8266
vn 0.9922 0.0698 0.1028
vn 0.1951 -0.1456 -0.9699
vn 0.9604 0.1057 0.2580
vn -0.9665 -0.2109 -0.1462
vn 0.9713 0.1310 0.1983
vn -0.2238 0.1607 0.9613
vn 0.1577 -0.9867 -0.0392
vn 0.2306 -0.2473 -0.9411
vn -0.2158 0.1105 0.9702
vn -0.9641 -0.1846 -0.1907
vn -0.1660 -0.1370 0.9766
vn 0.9932 -0.1163 0.0102
vn 0.3803 0.8594 0.3418
vn -0.6967 -0.7092 -0.1079
vn -0.9742 0.1675 0.1512
vn -0.2393 -0.4536 -0.8585
vn 0.2345 0.2735 0.9329
vn -0.9711 0.2205 -0.0916
vn 0.9080 -0.4180 0.0281
vn -0.1440 0.2539 0.9564
vn -0.2205 -0.9387 -0.2650
vn -0.4353 -0.0279 0.8998
vn 0.3085 -0.2442 -0.9193
vn 0.7510 -0.6588 0.0453
vn 0.9636 0.1390 -0.2283
vn 0.8082 -0.5874 0.0413
vn -0.6970 0.7171 -0.0019
vn 0.9849 0.1382 -0.1040
vn 0.7068 0.0160 0.7072
vn -0.7333 -0.4272 0.5289
vn -0.3414 0.8745 0.3446
vn 0.6350 -0.7415 -0.2166
vn 0.9943 0.0843 0.0651
vn 0.9681 0.2507 -0.0002
vn 0.2081 0.6721 -0.7106
vn 0.5986 -0.4003 0.6938
vn 0.3533 0.9154 -0.1930
vn 0.6455 -0.4560 0.6127
vn 0.9778 0.0318 0.2069
vn 0.9867 0.0751 0.1440
vn 0.8631 -0.2757 0.4232
vn 0.5607 0.8193 -0.1198
vn 0.8523 -0.2078 0.4799
vn 0.8213 0.0580 -0.5675
vn 0.9171 0.0107 0.3984
vn 0.5669 0.8205 0.0735
vn 0.6564 0.7541 -0.0215
vn 0.6808 -0.3600 0.6379
vn 0.4393 0.8915 -0.1109
vn 0.8303 -0.2269 0.5090
vn 0.9860 -0.0231 0.1650
vn 0.8587 -0.2876 0.4242
vn 0.9503 -0.2303 0.2095
vn 0.9197 0.3917 -0.0282
vn 0.8102 -0.3133 0.4955
vn 0.5668 -0.5486 0.6147
vn 0.6658 0.6513 -0.3640
vn 0.9089 0.4168 0.0116
vn 0.6159 0.7766 -0.1322
vn 0.8476 -0.1319 0.5140
vn 0.6477 -0.4301 0.6289
vn 0.3096 -0.6693 0.6754
vn 0.9175 -0.0080 0.3978
vn 0.8848 0.4633 0.0510
vn 0.4493 0.8934 0.0052
vn 0.3278 0.6037 -0.7267
vn 0.9817 0.1868 -0.0362
vn 0.2956 0.8824 -0.3660
vn 0.2321 0.7873 -0.5713
vn -0.9943 0.0843 0.0651
vn -0.9681 0.2507 -0.0002
vn -0.2081 0.6721 -0.7106
vn -0.5985 -0.4010 0.6935
vn -0.3533 0.9154 -0.1930
vn -0.6455 -0.4560 0.6127
vn -0.9778 0.0318 0.2069
vn -0.9868 0.0735 0.1444
vn -0.8631 -0.2757 0.4232
vn -0.5607 0.8193 -0.1198
vn -0.8486 -0.1816 0.4970
vn -0.8213 0.0580 -0.5675
vn -0.9171 0.0107 0.3984
vn -0.5669 0.8205 0.0735
vn -0.6564 0.7541 -0.0215
vn -0.6808 -0.3600 0.6379
vn -0.4393 0.8915 -0.1109
vn -0.8303 -0.2269 0.5090
vn -0.9860 -0.0231 0.1650
vn -0.8587 -0.2876 0.4242
vn -0.9503 -0.2303 0.2095
vn -0.9197 0.3917 -0.0282
vn -0.7941 -0.3180 0.5179
vn -0.5668 -0.5486 0.6147
vn -0.6658 0.6513 -0.3640
vn -0.9089 0.4168 0.0116
vn -0.6159 0.7766 -0.1322
vn -0.8476 -0.1319 0.5140
vn -0.6477 -0.4301 0.6289
vn -0.3163 -0.6687 0.6729
vn -0.9175 -0.0080 0.3978
vn -0.8848 0.4633 0.0510
vn -0.4493 0.8934 0.0052
vn -0.3278 0.6037 -0.7267
vn -0.9817 0.1868 -0.0362
vn -0.2956 0.8824 -0.3660
vn -0.2321 0.7873 -0.5713
vn 0.0616 -0.9956 -0.0706
vn 0.0103 -0.9780 -0.2082
vn -0.0616 -0.9957 -0.0685
vn 0.0100 -0.9793 -0.2024
vn 0.3402 -0.8849 -0.3183
vn -0.1210 -0.8801 -0.4591
vn 0.3706 -0.8098 -0.4549
vn 0.0607 -0.9251 -0.3749
vn 0.2201 -0.9484 -0.2283
vn -0.1898 -0.9659 -0.1761
vn -0.1529 -0.9809 -0.1201
vn -0.4160 -0.9070 0.0654
vn 0.5653 0.0222 0.8246
vn -0.5653 0.0222 0.8246
vn -0.7073 0.1339 0.6941
vn 0.7073 0.1339 0.6941
vn 0.7878 0.6073 -0.1026
vn -0.7878 0.6073 -0.1026
vn -0.5458 0.8300 -0.1149
vn 0.5458 0.8300 -0.1149
vn 0.7180 0.3386 0.6081
vn -0.7180 0.3386 0.6081
vn -0.8939 0.4475 0.0263
vn 0.8939 0.4475 0.0263
vt 0.058602 0.008065
vt 0.008065 0.008065
vt 0.008065 0.058602
vt 0.058602 0.058602
vt 0.058602 0.074731
vt 0.008065 0.074731
vt 0.008065 0.125269
vt 0.058602 0.125269
vt 0.625269 0.408065
vt 0.608065 0.408065
vt 0.608065 0.458602
vt 0.625269 0.458602
vt 0.991935 0.882796
vt 0.982796 0.891935
vt 0.991935 0.891935
vt 0.891935 0.974731
vt 0.874731 0.974731
vt 0.874731 0.991935
vt 0.891935 0.991935
vt 0.758602 0.974731
vt 0.741398 0.974731
vt 0.741398 0.991935
vt 0.758602 0.991935
vt 0.725269 0.974731
vt 0.708064 0.974731
vt 0.708064 0.991935
vt 0.725269 0.991935
vt 0.325269 0.625269
vt 0.325269 0.608065
vt 0.274731 0.608065
vt 0.274731 0.625269
vt 0.991935 0.708064
vt 0.974731 0.708064
vt 0.974731 0.725269
vt 0.991935 0.725269
vt 0.625269 0.141398
vt 0.608065 0.141398
vt 0.608065 0.191935
vt 0.625269 0.191935
vt 0.391935 0.591935
vt 0.391935 0.574731
vt 0.341398 0.574731
vt 0.341398 0.591935
vt 0.991935 0.441398
vt 0.974731 0.441398
vt 0.974731 0.458602
vt 0.991935 0.458602
vt 0.625269 0.391935
vt 0.625269 0.349462
vt 0.616129 0.391935
vt 0.458602 0.974731
vt 0.441398 0.974731
vt 0.441398 0.991935
vt 0.458602 0.991935
vt 0.425269 0.974731
vt 0.408065 0.974731
vt 0.408065 0.991935
vt 0.425269 0.991935
vt 0.525269 0.408065
vt 0.508065 0.408065
vt 0.508065 0.458602
vt 0.525269 0.458602
vt 0.325269 0.974731
vt 0.308065 0.974731
vt 0.308065 0.991935
vt 0.325269 0.991935
vt 0.325269 0.491935
vt 0.325269 0.474731
vt 0.274731 0.474731
vt 0.274731 0.491935
vt 0.491935 0.208065
vt 0.474731 0.208065
vt 0.474731 0.258602
vt 0.491935 0.258602
vt 0.225269 0.974731
vt 0.208065 0.974731
vt 0.208065 0.991935
vt 0.225269 0.991935
vt 0.258602 0.458602
vt 0.258602 0.441398
vt 0.208065 0.441398
vt 0.208065 0.458602
vt 0.191935 0.974731
vt 0.174731 0.974731
vt 0.174731 0.991935
vt 0.191935 0.991935
vt 0.458602 0.074731
vt 0.441398 0.074731
vt 0.441398 0.125269
vt 0.458602 0.125269
vt 0.125269 0.974731
vt 0.108065 0.974731
vt 0.108065 0.991935
vt 0.125269 0.991935
vt 0.991935 0.108065
vt 0.974731 0.108065
vt 0.974731 0.125269
vt 0.991935 0.125269
vt 0.958602 0.908065
vt 0.941398 0.908065
vt 0.941398 0.925269
vt 0.958602 0.925269
vt 0.274731 0.341540
vt 0.310056 0.341398
vt 0.325269 0.341549
vt 0.325269 0.358602
vt 0.280871 0.358471
vt 0.925269 0.941398
vt 0.908065 0.941398
vt 0.908065 0.958602
vt 0.925269 0.958602
vt 0.958602 0.674731
vt 0.941398 0.674731
vt 0.941398 0.691935
vt 0.958602 0.691935
vt 0.958602 0.608065
vt 0.941398 0.608065
vt 0.941398 0.625269
vt 0.958602 0.625269
vt 0.525269 0.941398
vt 0.508065 0.941398
vt 0.508065 0.958602
vt 0.525269 0.958602
vt 0.358602 0.258602
vt 0.358602 0.208065
vt 0.341398 0.208065
vt 0.341398 0.258602
vt 0.125269 0.358602
vt 0.125269 0.341398
vt 0.074731 0.341398
vt 0.074731 0.358602
vt 0.391935 0.008065
vt 0.341398 0.008065
vt 0.341398 0.058602
vt 0.391935 0.058602
vt 0.958602 0.474731
vt 0.941398 0.474731
vt 0.941398 0.491935
vt 0.958602 0.491935
vt 0.491935 0.941398
vt 0.474731 0.941398
vt 0.474731 0.958602
vt 0.491935 0.958602
vt 0.325269 0.274731
vt 0.274731 0.274731
vt 0.274731 0.325269
vt 0.325269 0.325269
vt 0.849462 0.991935
vt 0.858602 0.982796
vt 0.858602 0.991935
vt 0.391935 0.074731
vt 0.374731 0.074731
vt 0.374731 0.125269
vt 0.391935 0.125269
vt 0.458602 0.941398
vt 0.441398 0.941398
vt 0.441398 0.958602
vt 0.458602 0.958602
vt 0.325269 0.208065
vt 0.274731 0.208065
vt 0.274731 0.258602
vt 0.325269 0.258602
vt 0.958602 0.441398
vt 0.941398 0.441398
vt 0.941398 0.458602
vt 0.958602 0.458602
vt 0.125269 0.391935
vt 0.125269 0.374731
vt 0.074731 0.374731
vt 0.074731 0.391935
vt 0.958602 0.374731
vt 0.941398 0.374731
vt 0.941398 0.391935
vt 0.958602 0.391935
vt 0.391935 0.941398
vt 0.374731 0.941398
vt 0.374731 0.958602
vt 0.391935 0.958602
vt 0.358602 0.941398
vt 0.341398 0.941398
vt 0.341398 0.958602
vt 0.358602 0.958602
vt 0.358602 0.341398
vt 0.341398 0.341398
vt 0.341398 0.391935
vt 0.358602 0.391935
vt 0.325269 0.391935
vt 0.325269 0.374731
vt 0.274731 0.374731
vt 0.274731 0.391935
vt 0.391935 0.391935
vt 0.391935 0.341398
vt 0.374731 0.341398
vt 0.374731 0.391935
vt 0.958602 0.341398
vt 0.941398 0.341398
vt 0.941398 0.358602
vt 0.958602 0.358602
vt 0.008065 0.425269
vt 0.058602 0.425269
vt 0.058602 0.408065
vt 0.008065 0.408065
vt 0.425269 0.125269
vt 0.425269 0.074731
vt 0.408065 0.074731
vt 0.408065 0.125269
vt 0.074731 0.425269
vt 0.125269 0.425269
vt 0.125269 0.408065
vt 0.074731 0.408065
vt 0.425269 0.191935
vt 0.425269 0.141398
vt 0.408065 0.141398
vt 0.408065 0.191935
vt 0.491935 0.874731
vt 0.474731 0.874731
vt 0.474731 0.891935
vt 0.491935 0.891935
vt 0.208065 0.425269
vt 0.258602 0.425269
vt 0.258602 0.408065
vt 0.208065 0.408065
vt 0.425269 0.258602
vt 0.425269 0.208065
vt 0.408065 0.208065
vt 0.408065 0.258602
vt 0.274731 0.425269
vt 0.325269 0.425269
vt 0.325269 0.408065
vt 0.274731 0.408065
vt 0.425269 0.325269
vt 0.425269 0.274731
vt 0.408065 0.274731
vt 0.408065 0.325269
vt 0.891935 0.374731
vt 0.874731 0.374731
vt 0.874731 0.391935
vt 0.891935 0.391935
vt 0.341398 0.425269
vt 0.391935 0.425269
vt 0.391935 0.408065
vt 0.341398 0.408065
vt 0.458602 0.058602
vt 0.458602 0.008065
vt 0.441398 0.008065
vt 0.441398 0.058602
vt 0.008065 0.458602
vt 0.058602 0.458602
vt 0.058602 0.441398
vt 0.008065 0.441398
vt 0.358602 0.874731
vt 0.341398 0.874731
vt 0.341398 0.891935
vt 0.358602 0.891935
vt 0.891935 0.341398
vt 0.874731 0.341398
vt 0.874731 0.358602
vt 0.891935 0.358602
vt 0.325269 0.874731
vt 0.308065 0.874731
vt 0.308065 0.891935
vt 0.325269 0.891935
vt 0.891935 0.308065
vt 0.874731 0.308065
vt 0.874731 0.325269
vt 0.891935 0.325269
vt 0.291935 0.874731
vt 0.274731 0.874731
vt 0.274731 0.891935
vt 0.291935 0.891935
vt 0.891935 0.274731
vt 0.874731 0.274731
vt 0.874731 0.291935
vt 0.891935 0.291935
vt 0.891935 0.241398
vt 0.874731 0.241398
vt 0.874731 0.258602
vt 0.891935 0.258602
vt 0.225269 0.874731
vt 0.208065 0.874731
vt 0.208065 0.891935
vt 0.225269 0.891935
vt 0.891935 0.208065
vt 0.874731 0.208065
vt 0.874731 0.225269
vt 0.891935 0.225269
vt 0.891935 0.174731
vt 0.874731 0.174731
vt 0.874731 0.191935
vt 0.891935 0.191935
vt 0.158602 0.874731
vt 0.141398 0.874731
vt 0.141398 0.891935
vt 0.158602 0.891935
vt 0.891935 0.141398
vt 0.874731 0.141398
vt 0.874731 0.158602
vt 0.891935 0.158602
vt 0.491935 0.058602
vt 0.491935 0.008065
vt 0.474731 0.008065
vt 0.474731 0.058602
vt 0.125269 0.874731
vt 0.108065 0.874731
vt 0.108065 0.891935
vt 0.125269 0.891935
vt 0.008065 0.491935
vt 0.058602 0.491935
vt 0.058602 0.474731
vt 0.008065 0.474731
vt 0.491935 0.191935
vt 0.491935 0.141398
vt 0.474731 0.141398
vt 0.474731 0.191935
vt 0.074731 0.491935
vt 0.125269 0.491935
vt 0.125269 0.474731
vt 0.074731 0.474731
vt 0.658602 0.125269
vt 0.658602 0.074731
vt 0.641398 0.074731
vt 0.641398 0.125269
vt 0.141398 0.491935
vt 0.191935 0.491935
vt 0.191935 0.474731
vt 0.141398 0.474731
vt 0.891935 0.108065
vt 0.874731 0.108065
vt 0.874731 0.125269
vt 0.891935 0.125269
vt 0.258602 0.208065
vt 0.208065 0.208065
vt 0.208065 0.258602
vt 0.258602 0.258602
vt 0.091935 0.874731
vt 0.074731 0.874731
vt 0.074731 0.891935
vt 0.091935 0.891935
vt 0.491935 0.341398
vt 0.474731 0.341398
vt 0.474731 0.391935
vt 0.491935 0.391935
vt 0.258602 0.141398
vt 0.208065 0.141398
vt 0.208065 0.191935
vt 0.258602 0.191935
vt 0.982796 0.858602
vt 0.991935 0.858602
vt 0.991935 0.849462
vt 0.891935 0.074731
vt 0.874731 0.074731
vt 0.874731 0.091935
vt 0.891935 0.091935
vt 0.825269 0.991935
vt 0.825269 0.982796
vt 0.816129 0.991935
vt 0.891935 0.041398
vt 0.874731 0.041398
vt 0.874731 0.058602
vt 0.891935 0.058602
vt 0.058602 0.874731
vt 0.041398 0.874731
vt 0.041398 0.891935
vt 0.058602 0.891935
vt 0.991935 0.825269
vt 0.982796 0.825269
vt 0.991935 0.816129
vt 0.025269 0.874731
vt 0.008065 0.874731
vt 0.008065 0.891935
vt 0.025269 0.891935
vt 0.891935 0.008065
vt 0.874731 0.008065
vt 0.874731 0.025269
vt 0.891935 0.025269
vt 0.858602 0.841398
vt 0.841398 0.841398
vt 0.841398 0.858602
vt 0.858602 0.858602
vt 0.858602 0.808065
vt 0.841398 0.808065
vt 0.841398 0.825269
vt 0.858602 0.825269
vt 0.825269 0.841398
vt 0.808065 0.841398
vt 0.808065 0.858602
vt 0.825269 0.858602
vt 0.850623 0.785888
vt 0.843056 0.775975
vt 0.858602 0.774731
vt 0.858602 0.791936
vt 0.841398 0.786188
vt 0.791936 0.841398
vt 0.774731 0.841398
vt 0.774731 0.858602
vt 0.791936 0.858602
vt 0.208065 0.525269
vt 0.258602 0.525269
vt 0.258602 0.508065
vt 0.208065 0.508065
vt 0.858602 0.741398
vt 0.841398 0.741398
vt 0.841398 0.758602
vt 0.858602 0.758602
vt 0.758602 0.841398
vt 0.741398 0.841398
vt 0.741398 0.858602
vt 0.758602 0.858602
vt 0.858602 0.608065
vt 0.841398 0.608065
vt 0.841398 0.625269
vt 0.858602 0.625269
vt 0.791936 0.741398
vt 0.774731 0.741398
vt 0.774731 0.758602
vt 0.791936 0.758602
vt 0.758602 0.774731
vt 0.741398 0.774731
vt 0.741398 0.791936
vt 0.758602 0.791936
vt 0.791936 0.708064
vt 0.774731 0.708064
vt 0.774731 0.725269
vt 0.791936 0.725269
vt 0.691935 0.774731
vt 0.674731 0.774731
vt 0.674731 0.791936
vt 0.691935 0.791936
vt 0.658602 0.774731
vt 0.641398 0.774731
vt 0.641398 0.791936
vt 0.658602 0.791936
vt 0.791936 0.641398
vt 0.774731 0.641398
vt 0.774731 0.658602
vt 0.791936 0.658602
vt 0.791936 0.608065
vt 0.774731 0.608065
vt 0.774731 0.625269
vt 0.791936 0.625269
vt 0.625269 0.774731
vt 0.608065 0.774731
vt 0.608065 0.791936
vt 0.625269 0.791936
vt 0.591935 0.774731
vt 0.574731 0.774731
vt 0.574731 0.791936
vt 0.591935 0.791936
vt 0.791936 0.508065
vt 0.774731 0.508065
vt 0.774731 0.525269
vt 0.791936 0.525269
vt 0.791936 0.341398
vt 0.774731 0.341398
vt 0.774731 0.358602
vt 0.791936 0.358602
vt 0.358602 0.774731
vt 0.341398 0.774731
vt 0.341398 0.791936
vt 0.358602 0.791936
vt 0.325269 0.774731
vt 0.308065 0.774731
vt 0.308065 0.791936
vt 0.325269 0.791936
vt 0.291935 0.774731
vt 0.274731 0.774731
vt 0.274731 0.791936
vt 0.291935 0.791936
vt 0.791936 0.274731
vt 0.774731 0.274731
vt 0.774731 0.291935
vt 0.791936 0.291935
vt 0.791936 0.241398
vt 0.774731 0.241398
vt 0.774731 0.258602
vt 0.791936 0.258602
vt 0.258602 0.774731
vt 0.241398 0.774731
vt 0.241398 0.791936
vt 0.258602 0.791936
vt 0.225269 0.774731
vt 0.208065 0.774731
vt 0.208065 0.791936
vt 0.225269 0.791936
vt 0.191935 0.774731
vt 0.174731 0.774731
vt 0.174731 0.791936
vt 0.191935 0.791936
vt 0.791936 0.174731
vt 0.774731 0.174731
vt 0.774731 0.191935
vt 0.791936 0.191935
vt 0.791936 0.141398
vt 0.774731 0.141398
vt 0.774731 0.158602
vt 0.791936 0.158602
vt 0.125269 0.774731
vt 0.108065 0.774731
vt 0.108065 0.791936
vt 0.125269 0.791936
vt 0.591935 0.058602
vt 0.591935 0.008065
vt 0.574731 0.008065
vt 0.574731 0.058602
vt 0.791936 0.108065
vt 0.774731 0.108065
vt 0.774731 0.125269
vt 0.791936 0.125269
vt 0.791936 0.074731
vt 0.774731 0.074731
vt 0.774731 0.091935
vt 0.791936 0.091935
vt 0.791936 0.008065
vt 0.774731 0.008065
vt 0.774731 0.025269
vt 0.791936 0.025269
vt 0.758602 0.741398
vt 0.741398 0.741398
vt 0.741398 0.758602
vt 0.758602 0.758602
vt 0.758602 0.708064
vt 0.741398 0.708064
vt 0.741398 0.725269
vt 0.758602 0.725269
vt 0.691935 0.741398
vt 0.674731 0.741398
vt 0.674731 0.758602
vt 0.691935 0.758602
vt 0.658602 0.741398
vt 0.641398 0.741398
vt 0.641398 0.758602
vt 0.658602 0.758602
vt 0.758602 0.608065
vt 0.741398 0.608065
vt 0.741398 0.625269
vt 0.758602 0.625269
vt 0.625269 0.741398
vt 0.608065 0.741398
vt 0.608065 0.758602
vt 0.625269 0.758602
vt 0.525269 0.741398
vt 0.508065 0.741398
vt 0.508065 0.758602
vt 0.525269 0.758602
vt 0.758602 0.441398
vt 0.741398 0.441398
vt 0.741398 0.458602
vt 0.758602 0.458602
vt 0.425269 0.741398
vt 0.408065 0.741398
vt 0.408065 0.758602
vt 0.425269 0.758602
vt 0.758602 0.374731
vt 0.741398 0.374731
vt 0.741398 0.391935
vt 0.758602 0.391935
vt 0.391935 0.741398
vt 0.374731 0.741398
vt 0.374731 0.758602
vt 0.391935 0.758602
vt 0.358602 0.741398
vt 0.341398 0.741398
vt 0.341398 0.758602
vt 0.358602 0.758602
vt 0.291935 0.741398
vt 0.274731 0.741398
vt 0.274731 0.758602
vt 0.291935 0.758602
vt 0.258602 0.741398
vt 0.241398 0.741398
vt 0.241398 0.758602
vt 0.258602 0.758602
vt 0.225269 0.741398
vt 0.208065 0.741398
vt 0.208065 0.758602
vt 0.225269 0.758602
vt 0.158602 0.741398
vt 0.141398 0.741398
vt 0.141398 0.758602
vt 0.158602 0.758602
vt 0.758602 0.141398
vt 0.741398 0.141398
vt 0.741398 0.158602
vt 0.758602 0.158602
vt 0.758602 0.108065
vt 0.741398 0.108065
vt 0.741398 0.125269
vt 0.758602 0.125269
vt 0.725269 0.274731
vt 0.708064 0.274731
vt 0.708064 0.291935
vt 0.725269 0.291935
vt 0.725269 0.174731
vt 0.708064 0.174731
vt 0.708064 0.191935
vt 0.725269 0.191935
vt 0.725269 0.141398
vt 0.708064 0.141398
vt 0.708064 0.158602
vt 0.725269 0.158602
vt 0.158602 0.708064
vt 0.141398 0.708064
vt 0.141398 0.725269
vt 0.158602 0.725269
vt 0.725269 0.108065
vt 0.708064 0.108065
vt 0.708064 0.125269
vt 0.725269 0.125269
vt 0.125269 0.708064
vt 0.108065 0.708064
vt 0.108065 0.725269
vt 0.125269 0.725269
vt 0.725269 0.074731
vt 0.708064 0.074731
vt 0.708064 0.091935
vt 0.725269 0.091935
vt 0.091935 0.708064
vt 0.074731 0.708064
vt 0.074731 0.725269
vt 0.091935 0.725269
vt 0.058602 0.708064
vt 0.041398 0.708064
vt 0.041398 0.725269
vt 0.058602 0.725269
vt 0.025269 0.708064
vt 0.008065 0.708064
vt 0.008065 0.725269
vt 0.025269 0.725269
vt 0.725269 0.008065
vt 0.708064 0.008065
vt 0.708064 0.025269
vt 0.725269 0.025269
vt 0.691935 0.674731
vt 0.674731 0.674731
vt 0.674731 0.691935
vt 0.691935 0.691935
vt 0.658602 0.674731
vt 0.641398 0.674731
vt 0.641398 0.691935
vt 0.658602 0.691935
vt 0.691935 0.608065
vt 0.674731 0.608065
vt 0.674731 0.625269
vt 0.691935 0.625269
vt 0.625269 0.674731
vt 0.608065 0.674731
vt 0.608065 0.691935
vt 0.625269 0.691935
vt 0.591935 0.674731
vt 0.574731 0.674731
vt 0.574731 0.691935
vt 0.591935 0.691935
vt 0.691935 0.574731
vt 0.674731 0.574731
vt 0.674731 0.591935
vt 0.691935 0.591935
vt 0.791936 0.982796
vt 0.782796 0.991935
vt 0.791936 0.991935
vt 0.991935 0.782796
vt 0.982796 0.791936
vt 0.991935 0.791936
vt 0.691935 0.541398
vt 0.674731 0.541398
vt 0.674731 0.558602
vt 0.691935 0.558602
vt 0.558602 0.674731
vt 0.541398 0.674731
vt 0.541398 0.691935
vt 0.558602 0.691935
vt 0.691935 0.508065
vt 0.674731 0.508065
vt 0.674731 0.525269
vt 0.691935 0.525269
vt 0.525269 0.674731
vt 0.508065 0.674731
vt 0.508065 0.691935
vt 0.525269 0.691935
vt 0.691935 0.474731
vt 0.674731 0.474731
vt 0.674731 0.491935
vt 0.691935 0.491935
vt 0.491935 0.674731
vt 0.474731 0.674731
vt 0.474731 0.691935
vt 0.491935 0.691935
vt 0.691935 0.441398
vt 0.674731 0.441398
vt 0.674731 0.458602
vt 0.691935 0.458602
vt 0.458602 0.674731
vt 0.441398 0.674731
vt 0.441398 0.691935
vt 0.458602 0.691935
vt 0.691935 0.408065
vt 0.674731 0.408065
vt 0.674731 0.425269
vt 0.691935 0.425269
vt 0.425269 0.674731
vt 0.408065 0.674731
vt 0.408065 0.691935
vt 0.425269 0.691935
vt 0.391935 0.674731
vt 0.374731 0.674731
vt 0.374731 0.691935
vt 0.391935 0.691935
vt 0.691935 0.374731
vt 0.674731 0.374731
vt 0.674731 0.391935
vt 0.691935 0.391935
vt 0.691935 0.241398
vt 0.674731 0.241398
vt 0.674731 0.258602
vt 0.691935 0.258602
vt 0.558602 0.641398
vt 0.541398 0.641398
vt 0.541398 0.658602
vt 0.558602 0.658602
vt 0.591935 0.641398
vt 0.574731 0.641398
vt 0.574731 0.658602
vt 0.591935 0.658602
vt 0.658602 0.608065
vt 0.641398 0.608065
vt 0.641398 0.625269
vt 0.658602 0.625269
vt 0.658602 0.641398
vt 0.641398 0.641398
vt 0.641398 0.658602
vt 0.658602 0.658602
vt 0.025269 0.674731
vt 0.008065 0.674731
vt 0.008065 0.691935
vt 0.025269 0.691935
vt 0.691935 0.008065
vt 0.674731 0.008065
vt 0.674731 0.025269
vt 0.691935 0.025269
vt 0.691935 0.041398
vt 0.674731 0.041398
vt 0.674731 0.058602
vt 0.691935 0.058602
vt 0.058602 0.674731
vt 0.041398 0.674731
vt 0.041398 0.691935
vt 0.058602 0.691935
vt 0.091935 0.674731
vt 0.074731 0.674731
vt 0.074731 0.691935
vt 0.091935 0.691935
vt 0.691935 0.074731
vt 0.674731 0.074731
vt 0.674731 0.091935
vt 0.691935 0.091935
vt 0.125269 0.674731
vt 0.108065 0.674731
vt 0.108065 0.691935
vt 0.125269 0.691935
vt 0.691935 0.108065
vt 0.674731 0.108065
vt 0.674731 0.125269
vt 0.691935 0.125269
vt 0.158602 0.674731
vt 0.141398 0.674731
vt 0.141398 0.691935
vt 0.158602 0.691935
vt 0.691935 0.141398
vt 0.674731 0.141398
vt 0.674731 0.158602
vt 0.691935 0.158602
vt 0.691935 0.178444
vt 0.691935 0.185021
vt 0.686896 0.190610
vt 0.679770 0.191935
vt 0.674731 0.188222
vt 0.674731 0.181645
vt 0.679770 0.176057
vt 0.686896 0.174731
vt 0.191935 0.674731
vt 0.174731 0.674731
vt 0.174731 0.691935
vt 0.191935 0.691935
vt 0.225269 0.674731
vt 0.208065 0.674731
vt 0.208065 0.691935
vt 0.225269 0.691935
vt 0.691935 0.208065
vt 0.674731 0.208065
vt 0.674731 0.225269
vt 0.691935 0.225269
vt 0.525269 0.658602
vt 0.525269 0.641398
vt 0.474731 0.641398
vt 0.474731 0.658602
vt 0.258602 0.674731
vt 0.241398 0.674731
vt 0.241398 0.691935
vt 0.258602 0.691935
vt 0.691935 0.274731
vt 0.674731 0.274731
vt 0.674731 0.291935
vt 0.691935 0.291935
vt 0.291935 0.674731
vt 0.274731 0.674731
vt 0.274731 0.691935
vt 0.291935 0.691935
vt 0.325269 0.674731
vt 0.308065 0.674731
vt 0.308065 0.691935
vt 0.325269 0.691935
vt 0.691935 0.308065
vt 0.674731 0.308065
vt 0.674731 0.325269
vt 0.691935 0.325269
vt 0.358602 0.674731
vt 0.341398 0.674731
vt 0.341398 0.691935
vt 0.358602 0.691935
vt 0.691935 0.341398
vt 0.674731 0.341398
vt 0.674731 0.358602
vt 0.691935 0.358602
vt 0.625269 0.608065
vt 0.608065 0.608065
vt 0.608065 0.658602
vt 0.625269 0.658602
vt 0.458602 0.658602
vt 0.458602 0.641398
vt 0.408065 0.641398
vt 0.408065 0.658602
vt 0.658602 0.541398
vt 0.641398 0.541398
vt 0.641398 0.591935
vt 0.658602 0.591935
vt 0.391935 0.658602
vt 0.391935 0.641398
vt 0.341398 0.641398
vt 0.341398 0.658602
vt 0.658602 0.474731
vt 0.641398 0.474731
vt 0.641398 0.525269
vt 0.658602 0.525269
vt 0.325269 0.658602
vt 0.325269 0.641398
vt 0.274731 0.641398
vt 0.274731 0.658602
vt 0.658602 0.408065
vt 0.641398 0.408065
vt 0.641398 0.458602
vt 0.658602 0.458602
vt 0.258602 0.658602
vt 0.258602 0.641398
vt 0.208065 0.641398
vt 0.208065 0.658602
vt 0.658602 0.341398
vt 0.641398 0.341398
vt 0.641398 0.391935
vt 0.658602 0.391935
vt 0.191935 0.658602
vt 0.191935 0.641398
vt 0.141398 0.641398
vt 0.141398 0.658602
vt 0.658602 0.274731
vt 0.641398 0.274731
vt 0.641398 0.325269
vt 0.658602 0.325269
vt 0.125269 0.658602
vt 0.125269 0.641398
vt 0.074731 0.641398
vt 0.074731 0.658602
vt 0.658602 0.208065
vt 0.641398 0.208065
vt 0.641398 0.258602
vt 0.658602 0.258602
vt 0.058602 0.658602
vt 0.058602 0.641398
vt 0.008065 0.641398
vt 0.008065 0.658602
vt 0.658602 0.141398
vt 0.641398 0.141398
vt 0.641398 0.191935
vt 0.658602 0.191935
vt 0.591935 0.625269
vt 0.591935 0.608065
vt 0.541398 0.608065
vt 0.541398 0.625269
vt 0.058602 0.274731
vt 0.008065 0.274731
vt 0.008065 0.325269
vt 0.058602 0.325269
vt 0.691935 0.641398
vt 0.674731 0.641398
vt 0.674731 0.658602
vt 0.691935 0.658602
vt 0.658602 0.008065
vt 0.641398 0.008065
vt 0.641398 0.058602
vt 0.658602 0.058602
vt 0.525269 0.625269
vt 0.525269 0.608065
vt 0.474731 0.608065
vt 0.474731 0.625269
vt 0.625269 0.541398
vt 0.608065 0.541398
vt 0.608065 0.591935
vt 0.625269 0.591935
vt 0.725269 0.041398
vt 0.708064 0.041398
vt 0.708064 0.058602
vt 0.725269 0.058602
vt 0.458602 0.625269
vt 0.458602 0.608065
vt 0.408065 0.608065
vt 0.408065 0.625269
vt 0.625269 0.474731
vt 0.608065 0.474731
vt 0.608065 0.525269
vt 0.625269 0.525269
vt 0.125269 0.008065
vt 0.074731 0.008065
vt 0.074731 0.058602
vt 0.125269 0.058602
vt 0.349462 0.625269
vt 0.391935 0.616129
vt 0.391935 0.625269
vt 0.258602 0.549462
vt 0.258602 0.558602
vt 0.216129 0.558602
vt 0.982796 0.758602
vt 0.991935 0.758602
vt 0.991935 0.749462
vt 0.125269 0.074731
vt 0.074731 0.074731
vt 0.074731 0.125269
vt 0.125269 0.125269
vt 0.058602 0.141398
vt 0.008065 0.141398
vt 0.008065 0.191935
vt 0.058602 0.191935
vt 0.191935 0.074731
vt 0.141398 0.074731
vt 0.141398 0.125269
vt 0.191935 0.125269
vt 0.208065 0.550538
vt 0.208065 0.541398
vt 0.250538 0.541398
vt 0.191935 0.058602
vt 0.191935 0.016129
vt 0.149462 0.058602
vt 0.325269 0.591935
vt 0.282796 0.591935
vt 0.325269 0.582796
vt 0.258602 0.625269
vt 0.258602 0.608065
vt 0.208065 0.608065
vt 0.208065 0.625269
vt 0.625269 0.325269
vt 0.625269 0.274731
vt 0.608065 0.274731
vt 0.608065 0.325269
vt 0.691935 0.982796
vt 0.682796 0.991935
vt 0.691935 0.991935
vt 0.191935 0.708064
vt 0.174731 0.708064
vt 0.174731 0.725269
vt 0.191935 0.725269
vt 0.725269 0.208065
vt 0.708064 0.208065
vt 0.708064 0.225269
vt 0.725269 0.225269
vt 0.225269 0.708064
vt 0.208065 0.708064
vt 0.208065 0.725269
vt 0.225269 0.725269
vt 0.258602 0.708064
vt 0.241398 0.708064
vt 0.241398 0.725269
vt 0.258602 0.725269
vt 0.725269 0.241398
vt 0.708064 0.241398
vt 0.708064 0.258602
vt 0.725269 0.258602
vt 0.291935 0.708064
vt 0.274731 0.708064
vt 0.274731 0.725269
vt 0.291935 0.725269
vt 0.179398 0.623436
vt 0.166793 0.621497
vt 0.147157 0.622769
vt 0.141398 0.608065
vt 0.191935 0.608971
vt 0.191935 0.622923
vt 0.169725 0.625269
vt 0.725269 0.308065
vt 0.708064 0.308065
vt 0.708064 0.325269
vt 0.725269 0.325269
vt 0.325269 0.708064
vt 0.308065 0.708064
vt 0.308065 0.725269
vt 0.325269 0.725269
vt 0.358602 0.708064
vt 0.341398 0.708064
vt 0.341398 0.725269
vt 0.358602 0.725269
vt 0.725269 0.341398
vt 0.708064 0.341398
vt 0.708064 0.358602
vt 0.725269 0.358602
vt 0.725269 0.374731
vt 0.708064 0.374731
vt 0.708064 0.391935
vt 0.725269 0.391935
vt 0.991935 0.691935
vt 0.991935 0.682796
vt 0.982796 0.691935
vt 0.391935 0.708064
vt 0.374731 0.708064
vt 0.374731 0.725269
vt 0.391935 0.725269
vt 0.725269 0.408065
vt 0.708064 0.408065
vt 0.708064 0.425269
vt 0.725269 0.425269
vt 0.658602 0.982796
vt 0.649462 0.991935
vt 0.658602 0.991935
vt 0.425269 0.708064
vt 0.408065 0.708064
vt 0.408065 0.725269
vt 0.425269 0.725269
vt 0.991935 0.649462
vt 0.991935 0.658602
vt 0.982796 0.658602
vt 0.725269 0.441398
vt 0.708064 0.441398
vt 0.708064 0.458602
vt 0.725269 0.458602
vt 0.458602 0.708064
vt 0.441398 0.708064
vt 0.441398 0.725269
vt 0.458602 0.725269
vt 0.491935 0.708064
vt 0.474731 0.708064
vt 0.474731 0.725269
vt 0.491935 0.725269
vt 0.982796 0.625269
vt 0.991935 0.625269
vt 0.991935 0.616129
vt 0.625269 0.982796
vt 0.625269 0.991935
vt 0.616129 0.991935
vt 0.725269 0.474731
vt 0.708064 0.474731
vt 0.708064 0.491935
vt 0.725269 0.491935
vt 0.591935 0.991935
vt 0.582796 0.991935
vt 0.591935 0.982796
vt 0.982796 0.591935
vt 0.991935 0.591935
vt 0.991935 0.582796
vt 0.991935 0.549462
vt 0.982796 0.558602
vt 0.991935 0.558602
vt 0.558602 0.991935
vt 0.549462 0.991935
vt 0.558602 0.982796
vt 0.516129 0.991935
vt 0.525269 0.982796
vt 0.525269 0.991935
vt 0.991935 0.516129
vt 0.991935 0.525269
vt 0.982796 0.525269
vt 0.491935 0.991935
vt 0.482796 0.991935
vt 0.491935 0.982796
vt 0.525269 0.708064
vt 0.525269 0.724388
vt 0.517025 0.725269
vt 0.508065 0.725074
vt 0.511927 0.709277
vt 0.725269 0.508065
vt 0.708064 0.508065
vt 0.708064 0.525269
vt 0.725269 0.525269
vt 0.725269 0.541398
vt 0.708064 0.541398
vt 0.708064 0.558602
vt 0.725269 0.558602
vt 0.558602 0.708064
vt 0.541398 0.708064
vt 0.541398 0.725269
vt 0.558602 0.725269
vt 0.725269 0.574731
vt 0.708064 0.574731
vt 0.708064 0.591935
vt 0.725269 0.591935
vt 0.591935 0.708064
vt 0.574731 0.708064
vt 0.574731 0.725269
vt 0.591935 0.725269
vt 0.725269 0.608065
vt 0.708064 0.608065
vt 0.708064 0.625269
vt 0.725269 0.625269
vt 0.625269 0.708064
vt 0.608065 0.708064
vt 0.608065 0.725269
vt 0.625269 0.725269
vt 0.658602 0.708064
vt 0.641398 0.708064
vt 0.641398 0.725269
vt 0.658602 0.725269
vt 0.725269 0.641398
vt 0.708064 0.641398
vt 0.708064 0.658602
vt 0.725269 0.658602
vt 0.691935 0.708064
vt 0.674731 0.708064
vt 0.674731 0.725269
vt 0.691935 0.725269
vt 0.725269 0.674731
vt 0.708064 0.674731
vt 0.708064 0.691935
vt 0.725269 0.691935
vt 0.725269 0.708064
vt 0.708064 0.708064
vt 0.708064 0.725269
vt 0.725269 0.725269
vt 0.025269 0.741398
vt 0.008065 0.741398
vt 0.008065 0.758602
vt 0.025269 0.758602
vt 0.758602 0.008065
vt 0.741398 0.008065
vt 0.741398 0.025269
vt 0.758602 0.025269
vt 0.758602 0.041398
vt 0.741398 0.041398
vt 0.741398 0.058602
vt 0.758602 0.058602
vt 0.058602 0.741398
vt 0.041398 0.741398
vt 0.041398 0.758602
vt 0.058602 0.758602
vt 0.758602 0.074731
vt 0.741398 0.074731
vt 0.741398 0.091935
vt 0.758602 0.091935
vt 0.091935 0.741398
vt 0.074731 0.741398
vt 0.074731 0.758602
vt 0.091935 0.758602
vt 0.125269 0.741398
vt 0.108065 0.741398
vt 0.108065 0.758602
vt 0.125269 0.758602
vt 0.125269 0.141398
vt 0.074731 0.141398
vt 0.074731 0.191935
vt 0.125269 0.191935
vt 0.191935 0.141398
vt 0.141398 0.141398
vt 0.141398 0.191935
vt 0.191935 0.191935
vt 0.625269 0.125269
vt 0.625269 0.074731
vt 0.608065 0.074731
vt 0.608065 0.125269
vt 0.974731 0.883871
vt 0.974731 0.874731
vt 0.983871 0.874731
vt 0.191935 0.741398
vt 0.174731 0.741398
vt 0.174731 0.758602
vt 0.191935 0.758602
vt 0.758602 0.174731
vt 0.741398 0.174731
vt 0.741398 0.191935
vt 0.758602 0.191935
vt 0.758602 0.208065
vt 0.741398 0.208065
vt 0.741398 0.225269
vt 0.758602 0.225269
vt 0.074731 0.625269
vt 0.125269 0.625269
vt 0.125269 0.608065
vt 0.074731 0.608065
vt 0.758602 0.241398
vt 0.741398 0.241398
vt 0.741398 0.258602
vt 0.758602 0.258602
vt 0.625269 0.058602
vt 0.625269 0.008065
vt 0.608065 0.008065
vt 0.608065 0.058602
vt 0.008065 0.625269
vt 0.058602 0.625269
vt 0.058602 0.608065
vt 0.008065 0.608065
vt 0.758602 0.274731
vt 0.741398 0.274731
vt 0.741398 0.291935
vt 0.758602 0.291935
vt 0.608065 0.341398
vt 0.617204 0.341398
vt 0.608065 0.383871
vt 0.325269 0.741398
vt 0.308065 0.741398
vt 0.308065 0.758602
vt 0.325269 0.758602
vt 0.758602 0.308065
vt 0.741398 0.308065
vt 0.741398 0.325269
vt 0.758602 0.325269
vt 0.591935 0.525269
vt 0.591935 0.474731
vt 0.574731 0.474731
vt 0.574731 0.525269
vt 0.758602 0.341398
vt 0.741398 0.341398
vt 0.741398 0.358602
vt 0.758602 0.358602
vt 0.541398 0.591935
vt 0.591935 0.591935
vt 0.591935 0.574731
vt 0.541398 0.574731
vt 0.591935 0.458602
vt 0.591935 0.408065
vt 0.574731 0.408065
vt 0.574731 0.458602
vt 0.758602 0.408065
vt 0.741398 0.408065
vt 0.741398 0.425269
vt 0.758602 0.425269
vt 0.541398 0.558602
vt 0.591935 0.558602
vt 0.591935 0.541398
vt 0.541398 0.541398
vt 0.458602 0.741398
vt 0.441398 0.741398
vt 0.441398 0.758602
vt 0.458602 0.758602
vt 0.591935 0.391935
vt 0.591935 0.341398
vt 0.574731 0.341398
vt 0.574731 0.391935
vt 0.758602 0.474731
vt 0.741398 0.474731
vt 0.741398 0.491935
vt 0.758602 0.491935
vt 0.491935 0.741398
vt 0.474731 0.741398
vt 0.474731 0.758602
vt 0.491935 0.758602
vt 0.758602 0.508065
vt 0.741398 0.508065
vt 0.741398 0.525269
vt 0.758602 0.525269
vt 0.474731 0.591793
vt 0.480871 0.574862
vt 0.525269 0.574731
vt 0.525269 0.591784
vt 0.510056 0.591935
vt 0.558602 0.741398
vt 0.541398 0.741398
vt 0.541398 0.758602
vt 0.558602 0.758602
vt 0.758602 0.541398
vt 0.741398 0.541398
vt 0.741398 0.558602
vt 0.758602 0.558602
vt 0.758602 0.574731
vt 0.741398 0.574731
vt 0.741398 0.591935
vt 0.758602 0.591935
vt 0.591935 0.741398
vt 0.574731 0.741398
vt 0.574731 0.758602
vt 0.591935 0.758602
vt 0.591935 0.274731
vt 0.574731 0.274731
vt 0.574731 0.325269
vt 0.591935 0.325269
vt 0.408065 0.591935
vt 0.458602 0.591935
vt 0.458602 0.574731
vt 0.408065 0.574731
vt 0.058602 0.208065
vt 0.008065 0.208065
vt 0.008065 0.258602
vt 0.058602 0.258602
vt 0.758602 0.641398
vt 0.741398 0.641398
vt 0.741398 0.658602
vt 0.758602 0.658602
vt 0.758602 0.674731
vt 0.741398 0.674731
vt 0.741398 0.691935
vt 0.758602 0.691935
vt 0.258602 0.008065
vt 0.208065 0.008065
vt 0.208065 0.058602
vt 0.258602 0.058602
vt 0.850538 0.974731
vt 0.841398 0.974731
vt 0.841398 0.983871
vt 0.591935 0.258602
vt 0.591935 0.208065
vt 0.574731 0.208065
vt 0.574731 0.258602
vt 0.725269 0.741398
vt 0.708064 0.741398
vt 0.708064 0.758602
vt 0.725269 0.758602
vt 0.125269 0.208065
vt 0.074731 0.208065
vt 0.074731 0.258602
vt 0.125269 0.258602
vt 0.025269 0.774731
vt 0.008065 0.774731
vt 0.008065 0.791936
vt 0.025269 0.791936
vt 0.208065 0.591935
vt 0.258602 0.591935
vt 0.258602 0.574731
vt 0.208065 0.574731
vt 0.791936 0.041398
vt 0.774731 0.041398
vt 0.774731 0.058602
vt 0.791936 0.058602
vt 0.058602 0.774731
vt 0.041398 0.774731
vt 0.041398 0.791936
vt 0.058602 0.791936
vt 0.091935 0.774731
vt 0.074731 0.774731
vt 0.074731 0.791936
vt 0.091935 0.791936
vt 0.591935 0.125269
vt 0.591935 0.074731
vt 0.574731 0.074731
vt 0.574731 0.125269
vt 0.141398 0.591935
vt 0.191935 0.591935
vt 0.191935 0.574731
vt 0.141398 0.574731
vt 0.558602 0.474731
vt 0.541398 0.474731
vt 0.541398 0.525269
vt 0.558602 0.525269
vt 0.158602 0.774731
vt 0.141398 0.774731
vt 0.141398 0.791936
vt 0.158602 0.791936
vt 0.125269 0.591935
vt 0.125269 0.574731
vt 0.074731 0.574731
vt 0.074731 0.591935
vt 0.558602 0.408065
vt 0.541398 0.408065
vt 0.541398 0.458602
vt 0.558602 0.458602
vt 0.058602 0.591935
vt 0.058602 0.574731
vt 0.008065 0.574731
vt 0.008065 0.591935
vt 0.558602 0.341398
vt 0.541398 0.341398
vt 0.541398 0.391935
vt 0.558602 0.391935
vt 0.791936 0.208065
vt 0.774731 0.208065
vt 0.774731 0.225269
vt 0.791936 0.225269
vt 0.525269 0.558602
vt 0.525269 0.541398
vt 0.474731 0.541398
vt 0.474731 0.558602
vt 0.558602 0.274731
vt 0.541398 0.274731
vt 0.541398 0.325269
vt 0.558602 0.325269
vt 0.458602 0.558602
vt 0.458602 0.541398
vt 0.408065 0.541398
vt 0.408065 0.558602
vt 0.558602 0.208065
vt 0.541398 0.208065
vt 0.541398 0.258602
vt 0.558602 0.258602
vt 0.791936 0.308065
vt 0.774731 0.308065
vt 0.774731 0.325269
vt 0.791936 0.325269
vt 0.391935 0.558602
vt 0.391935 0.541398
vt 0.341398 0.541398
vt 0.341398 0.558602
vt 0.558602 0.141398
vt 0.541398 0.141398
vt 0.541398 0.191935
vt 0.558602 0.191935
vt 0.325269 0.558602
vt 0.325269 0.541398
vt 0.274731 0.541398
vt 0.274731 0.558602
vt 0.791936 0.374731
vt 0.774731 0.374731
vt 0.774731 0.391935
vt 0.791936 0.391935
vt 0.391935 0.774731
vt 0.374731 0.774731
vt 0.374731 0.791936
vt 0.391935 0.791936
vt 0.425269 0.774731
vt 0.408065 0.774731
vt 0.408065 0.791936
vt 0.425269 0.791936
vt 0.791936 0.408065
vt 0.774731 0.408065
vt 0.774731 0.425269
vt 0.791936 0.425269
vt 0.458602 0.774731
vt 0.441398 0.774731
vt 0.441398 0.791936
vt 0.458602 0.791936
vt 0.791936 0.441398
vt 0.774731 0.441398
vt 0.774731 0.458602
vt 0.791936 0.458602
vt 0.791936 0.474731
vt 0.774731 0.474731
vt 0.774731 0.491935
vt 0.791936 0.491935
vt 0.491935 0.774731
vt 0.474731 0.774731
vt 0.474731 0.791936
vt 0.491935 0.791936
vt 0.525269 0.774731
vt 0.508065 0.774731
vt 0.508065 0.791936
vt 0.525269 0.791936
vt 0.991935 0.908065
vt 0.974731 0.908065
vt 0.974731 0.925269
vt 0.991935 0.925269
vt 0.558602 0.774731
vt 0.541398 0.774731
vt 0.541398 0.791936
vt 0.558602 0.791936
vt 0.791936 0.541398
vt 0.774731 0.541398
vt 0.774731 0.558602
vt 0.791936 0.558602
vt 0.558602 0.074731
vt 0.541398 0.074731
vt 0.541398 0.125269
vt 0.558602 0.125269
vt 0.791936 0.574731
vt 0.774731 0.574731
vt 0.774731 0.591935
vt 0.791936 0.591935
vt 0.191935 0.558602
vt 0.191935 0.541398
vt 0.141398 0.541398
vt 0.141398 0.558602
vt 0.558602 0.008065
vt 0.541398 0.008065
vt 0.541398 0.058602
vt 0.558602 0.058602
vt 0.125269 0.558602
vt 0.125269 0.541398
vt 0.074731 0.541398
vt 0.074731 0.558602
vt 0.525269 0.474731
vt 0.508065 0.474731
vt 0.508065 0.525269
vt 0.525269 0.525269
vt 0.058602 0.558602
vt 0.058602 0.541398
vt 0.008065 0.541398
vt 0.008065 0.558602
vt 0.791936 0.674731
vt 0.774731 0.674731
vt 0.774731 0.691935
vt 0.791936 0.691935
vt 0.258602 0.074731
vt 0.208065 0.074731
vt 0.208065 0.125269
vt 0.258602 0.125269
vt 0.725269 0.774731
vt 0.708064 0.774731
vt 0.708064 0.791936
vt 0.725269 0.791936
vt 0.491935 0.525269
vt 0.491935 0.474731
vt 0.474731 0.474731
vt 0.474731 0.525269
vt 0.191935 0.208065
vt 0.141398 0.208065
vt 0.141398 0.258602
vt 0.191935 0.258602
vt 0.983871 0.841398
vt 0.974731 0.850538
vt 0.974731 0.841398
vt 0.791936 0.774731
vt 0.774731 0.774731
vt 0.774731 0.791936
vt 0.791936 0.791936
vt 0.808065 0.974731
vt 0.817204 0.974731
vt 0.808065 0.983871
vt 0.025269 0.808065
vt 0.008065 0.808065
vt 0.008065 0.825269
vt 0.025269 0.825269
vt 0.825269 0.008065
vt 0.808065 0.008065
vt 0.808065 0.025269
vt 0.825269 0.025269
vt 0.974731 0.808065
vt 0.974731 0.817204
vt 0.983871 0.808065
vt 0.058602 0.808065
vt 0.041398 0.808065
vt 0.041398 0.825269
vt 0.058602 0.825269
vt 0.825269 0.041398
vt 0.808065 0.041398
vt 0.808065 0.058602
vt 0.825269 0.058602
vt 0.091935 0.808065
vt 0.074731 0.808065
vt 0.074731 0.825269
vt 0.091935 0.825269
vt 0.825269 0.074731
vt 0.808065 0.074731
vt 0.808065 0.091935
vt 0.825269 0.091935
vt 0.125269 0.808065
vt 0.108065 0.808065
vt 0.108065 0.825269
vt 0.125269 0.825269
vt 0.817290 0.114112
vt 0.808065 0.113812
vt 0.825269 0.108065
vt 0.825269 0.125269
vt 0.809723 0.124026
vt 0.158602 0.808065
vt 0.141398 0.808065
vt 0.141398 0.825269
vt 0.158602 0.825269
vt 0.825269 0.141398
vt 0.808065 0.141398
vt 0.808065 0.158602
vt 0.825269 0.158602
vt 0.825269 0.174731
vt 0.808065 0.174731
vt 0.808065 0.191935
vt 0.825269 0.191935
vt 0.191935 0.808065
vt 0.174731 0.808065
vt 0.174731 0.825269
vt 0.191935 0.825269
vt 0.825269 0.208065
vt 0.808065 0.208065
vt 0.808065 0.225269
vt 0.825269 0.225269
vt 0.225269 0.808065
vt 0.208065 0.808065
vt 0.208065 0.825269
vt 0.225269 0.825269
vt 0.258602 0.808065
vt 0.241398 0.808065
vt 0.241398 0.825269
vt 0.258602 0.825269
vt 0.825269 0.241398
vt 0.808065 0.241398
vt 0.808065 0.258602
vt 0.825269 0.258602
vt 0.825269 0.274731
vt 0.808065 0.274731
vt 0.808065 0.291935
vt 0.825269 0.291935
vt 0.291935 0.808065
vt 0.274731 0.808065
vt 0.274731 0.825269
vt 0.291935 0.825269
vt 0.825269 0.308065
vt 0.808065 0.308065
vt 0.808065 0.325269
vt 0.825269 0.325269
vt 0.325269 0.808065
vt 0.308065 0.808065
vt 0.308065 0.825269
vt 0.325269 0.825269
vt 0.825269 0.341398
vt 0.808065 0.341398
vt 0.808065 0.358602
vt 0.825269 0.358602
vt 0.358602 0.808065
vt 0.341398 0.808065
vt 0.341398 0.825269
vt 0.358602 0.825269
vt 0.825269 0.374731
vt 0.808065 0.374731
vt 0.808065 0.391935
vt 0.825269 0.391935
vt 0.391935 0.808065
vt 0.374731 0.808065
vt 0.374731 0.825269
vt 0.391935 0.825269
vt 0.825269 0.408065
vt 0.808065 0.408065
vt 0.808065 0.425269
vt 0.825269 0.425269
vt 0.425269 0.808065
vt 0.408065 0.808065
vt 0.408065 0.825269
vt 0.425269 0.825269
vt 0.825269 0.441398
vt 0.808065 0.441398
vt 0.808065 0.458602
vt 0.825269 0.458602
vt 0.458602 0.808065
vt 0.441398 0.808065
vt 0.441398 0.825269
vt 0.458602 0.825269
vt 0.825269 0.474731
vt 0.808065 0.474731
vt 0.808065 0.491935
vt 0.825269 0.491935
vt 0.491935 0.808065
vt 0.474731 0.808065
vt 0.474731 0.825269
vt 0.491935 0.825269
vt 0.825269 0.508065
vt 0.808065 0.508065
vt 0.808065 0.525269
vt 0.825269 0.525269
vt 0.525269 0.808065
vt 0.508065 0.808065
vt 0.508065 0.825269
vt 0.525269 0.825269
vt 0.825269 0.541398
vt 0.808065 0.541398
vt 0.808065 0.558602
vt 0.825269 0.558602
vt 0.558602 0.808065
vt 0.541398 0.808065
vt 0.541398 0.825269
vt 0.558602 0.825269
vt 0.825269 0.574731
vt 0.808065 0.574731
vt 0.808065 0.591935
vt 0.825269 0.591935
vt 0.591935 0.808065
vt 0.574731 0.808065
vt 0.574731 0.825269
vt 0.591935 0.825269
vt 0.625269 0.808065
vt 0.608065 0.808065
vt 0.608065 0.825269
vt 0.625269 0.825269
vt 0.825269 0.608065
vt 0.808065 0.608065
vt 0.808065 0.625269
vt 0.825269 0.625269
vt 0.825269 0.641398
vt 0.808065 0.641398
vt 0.808065 0.658602
vt 0.825269 0.658602
vt 0.658602 0.808065
vt 0.641398 0.808065
vt 0.641398 0.825269
vt 0.658602 0.825269
vt 0.825269 0.674731
vt 0.808065 0.674731
vt 0.808065 0.691935
vt 0.825269 0.691935
vt 0.691935 0.808065
vt 0.674731 0.808065
vt 0.674731 0.825269
vt 0.691935 0.825269
vt 0.825269 0.708064
vt 0.808065 0.708064
vt 0.808065 0.725269
vt 0.825269 0.725269
vt 0.725269 0.808065
vt 0.708064 0.808065
vt 0.708064 0.825269
vt 0.725269 0.825269
vt 0.825269 0.741398
vt 0.808065 0.741398
vt 0.808065 0.758602
vt 0.825269 0.758602
vt 0.758602 0.808065
vt 0.741398 0.808065
vt 0.741398 0.825269
vt 0.758602 0.825269
vt 0.825269 0.774731
vt 0.808065 0.774731
vt 0.808065 0.791936
vt 0.825269 0.791936
vt 0.791936 0.808065
vt 0.774731 0.808065
vt 0.774731 0.825269
vt 0.791936 0.825269
vt 0.825269 0.808065
vt 0.808065 0.808065
vt 0.808065 0.825269
vt 0.825269 0.825269
vt 0.858602 0.008065
vt 0.841398 0.008065
vt 0.841398 0.025269
vt 0.858602 0.025269
vt 0.025269 0.841398
vt 0.008065 0.841398
vt 0.008065 0.858602
vt 0.025269 0.858602
vt 0.058602 0.841398
vt 0.041398 0.841398
vt 0.041398 0.858602
vt 0.058602 0.858602
vt 0.858602 0.041398
vt 0.841398 0.041398
vt 0.841398 0.058602
vt 0.858602 0.058602
vt 0.858602 0.074731
vt 0.841398 0.074731
vt 0.841398 0.091935
vt 0.858602 0.091935
vt 0.774731 0.983871
vt 0.774731 0.974731
vt 0.783871 0.974731
vt 0.974731 0.783871
vt 0.974731 0.774731
vt 0.983871 0.774731
vt 0.091935 0.841398
vt 0.074731 0.841398
vt 0.074731 0.858602
vt 0.091935 0.858602
vt 0.125269 0.841398
vt 0.108065 0.841398
vt 0.108065 0.858602
vt 0.125269 0.858602
vt 0.858602 0.108065
vt 0.841398 0.108065
vt 0.841398 0.125269
vt 0.858602 0.125269
vt 0.858602 0.141398
vt 0.841398 0.141398
vt 0.841398 0.158602
vt 0.858602 0.158602
vt 0.158602 0.841398
vt 0.141398 0.841398
vt 0.141398 0.858602
vt 0.158602 0.858602
vt 0.191935 0.841398
vt 0.174731 0.841398
vt 0.174731 0.858602
vt 0.191935 0.858602
vt 0.858602 0.174731
vt 0.841398 0.174731
vt 0.841398 0.191935
vt 0.858602 0.191935
vt 0.858602 0.208065
vt 0.841398 0.208065
vt 0.841398 0.225269
vt 0.858602 0.225269
vt 0.225269 0.841398
vt 0.208065 0.841398
vt 0.208065 0.858602
vt 0.225269 0.858602
vt 0.258602 0.841398
vt 0.241398 0.841398
vt 0.241398 0.858602
vt 0.258602 0.858602
vt 0.858602 0.241398
vt 0.841398 0.241398
vt 0.841398 0.258602
vt 0.858602 0.258602
vt 0.291935 0.841398
vt 0.274731 0.841398
vt 0.274731 0.858602
vt 0.291935 0.858602
vt 0.858602 0.274731
vt 0.841398 0.274731
vt 0.841398 0.291935
vt 0.858602 0.291935
vt 0.858602 0.308065
vt 0.841398 0.308065
vt 0.841398 0.325269
vt 0.858602 0.325269
vt 0.325269 0.841398
vt 0.308065 0.841398
vt 0.308065 0.858602
vt 0.325269 0.858602
vt 0.858602 0.341398
vt 0.841398 0.341398
vt 0.841398 0.358602
vt 0.858602 0.358602
vt 0.358602 0.841398
vt 0.341398 0.841398
vt 0.341398 0.858602
vt 0.358602 0.858602
vt 0.391935 0.841398
vt 0.374731 0.841398
vt 0.374731 0.858602
vt 0.391935 0.858602
vt 0.858602 0.374731
vt 0.841398 0.374731
vt 0.841398 0.391935
vt 0.858602 0.391935
vt 0.858602 0.408065
vt 0.841398 0.408065
vt 0.841398 0.425269
vt 0.858602 0.425269
vt 0.425269 0.841398
vt 0.408065 0.841398
vt 0.408065 0.858602
vt 0.425269 0.858602
vt 0.458602 0.841398
vt 0.441398 0.841398
vt 0.441398 0.858602
vt 0.458602 0.858602
vt 0.858602 0.441398
vt 0.841398 0.441398
vt 0.841398 0.458602
vt 0.858602 0.458602
vt 0.491935 0.841398
vt 0.474731 0.841398
vt 0.474731 0.858602
vt 0.491935 0.858602
vt 0.858602 0.474731
vt 0.841398 0.474731
vt 0.841398 0.491935
vt 0.858602 0.491935
vt 0.525269 0.841398
vt 0.508065 0.841398
vt 0.508065 0.858602
vt 0.525269 0.858602
vt 0.858602 0.508065
vt 0.841398 0.508065
vt 0.841398 0.525269
vt 0.858602 0.525269
vt 0.541398 0.845111
vt 0.546437 0.841398
vt 0.553563 0.842724
vt 0.558602 0.848312
vt 0.558602 0.854889
vt 0.553563 0.858602
vt 0.546437 0.857276
vt 0.541398 0.851688
vt 0.858602 0.541398
vt 0.841398 0.541398
vt 0.841398 0.558602
vt 0.858602 0.558602
vt 0.858602 0.574731
vt 0.841398 0.574731
vt 0.841398 0.591935
vt 0.858602 0.591935
vt 0.591935 0.841398
vt 0.574731 0.841398
vt 0.574731 0.858602
vt 0.591935 0.858602
vt 0.341398 0.525269
vt 0.391935 0.525269
vt 0.391935 0.508065
vt 0.341398 0.508065
vt 0.625269 0.841398
vt 0.608065 0.841398
vt 0.608065 0.858602
vt 0.625269 0.858602
vt 0.658602 0.841398
vt 0.641398 0.841398
vt 0.641398 0.858602
vt 0.658602 0.858602
vt 0.858602 0.641398
vt 0.841398 0.641398
vt 0.841398 0.658602
vt 0.858602 0.658602
vt 0.858602 0.674731
vt 0.841398 0.674731
vt 0.841398 0.691935
vt 0.858602 0.691935
vt 0.691935 0.841398
vt 0.674731 0.841398
vt 0.674731 0.858602
vt 0.691935 0.858602
vt 0.858602 0.708064
vt 0.841398 0.708064
vt 0.841398 0.725269
vt 0.858602 0.725269
vt 0.725269 0.841398
vt 0.708064 0.841398
vt 0.708064 0.858602
vt 0.725269 0.858602
vt 0.525269 0.391935
vt 0.525269 0.341398
vt 0.508065 0.341398
vt 0.508065 0.391935
vt 0.274731 0.525269
vt 0.325269 0.525269
vt 0.325269 0.508065
vt 0.274731 0.508065
vt 0.525269 0.325269
vt 0.525269 0.274731
vt 0.508065 0.274731
vt 0.508065 0.325269
vt 0.141398 0.525269
vt 0.191935 0.525269
vt 0.191935 0.508065
vt 0.141398 0.508065
vt 0.525269 0.258602
vt 0.525269 0.208065
vt 0.508065 0.208065
vt 0.508065 0.258602
vt 0.074731 0.525269
vt 0.125269 0.525269
vt 0.125269 0.508065
vt 0.074731 0.508065
vt 0.525269 0.191935
vt 0.525269 0.141398
vt 0.508065 0.141398
vt 0.508065 0.191935
vt 0.008065 0.525269
vt 0.058602 0.525269
vt 0.058602 0.508065
vt 0.008065 0.508065
vt 0.525269 0.125269
vt 0.525269 0.074731
vt 0.508065 0.074731
vt 0.508065 0.125269
vt 0.408065 0.491935
vt 0.458602 0.491935
vt 0.458602 0.474731
vt 0.408065 0.474731
vt 0.525269 0.058602
vt 0.525269 0.008065
vt 0.508065 0.008065
vt 0.508065 0.058602
vt 0.341398 0.491935
vt 0.391935 0.491935
vt 0.391935 0.474731
vt 0.341398 0.474731
vt 0.491935 0.325269
vt 0.491935 0.274731
vt 0.474731 0.274731
vt 0.474731 0.325269
vt 0.208065 0.491935
vt 0.258602 0.491935
vt 0.258602 0.474731
vt 0.208065 0.474731
vt 0.491935 0.125269
vt 0.491935 0.074731
vt 0.474731 0.074731
vt 0.474731 0.125269
vt 0.408065 0.458602
vt 0.458602 0.458602
vt 0.458602 0.441398
vt 0.408065 0.441398
vt 0.325269 0.008065
vt 0.274731 0.008065
vt 0.274731 0.058602
vt 0.325269 0.058602
vt 0.191935 0.874731
vt 0.174731 0.874731
vt 0.174731 0.891935
vt 0.191935 0.891935
vt 0.458602 0.391935
vt 0.458602 0.341398
vt 0.441398 0.341398
vt 0.441398 0.391935
vt 0.341398 0.458602
vt 0.391935 0.458602
vt 0.391935 0.441398
vt 0.341398 0.441398
vt 0.458602 0.325269
vt 0.458602 0.274731
vt 0.441398 0.274731
vt 0.441398 0.325269
vt 0.258602 0.874731
vt 0.241398 0.874731
vt 0.241398 0.891935
vt 0.258602 0.891935
vt 0.274731 0.458602
vt 0.325269 0.458602
vt 0.325269 0.441398
vt 0.274731 0.441398
vt 0.458602 0.258602
vt 0.458602 0.208065
vt 0.441398 0.208065
vt 0.441398 0.258602
vt 0.325269 0.074731
vt 0.274731 0.074731
vt 0.274731 0.125269
vt 0.325269 0.125269
vt 0.383871 0.608065
vt 0.341398 0.608065
vt 0.341398 0.617204
vt 0.982796 0.491935
vt 0.991935 0.482796
vt 0.991935 0.491935
vt 0.983871 0.741398
vt 0.974731 0.750538
vt 0.974731 0.741398
vt 0.125269 0.274731
vt 0.074731 0.274731
vt 0.074731 0.325269
vt 0.125269 0.325269
vt 0.191935 0.274731
vt 0.141398 0.274731
vt 0.141398 0.325269
vt 0.191935 0.325269
vt 0.325269 0.141398
vt 0.274731 0.141398
vt 0.274731 0.191935
vt 0.325269 0.191935
vt 0.616129 0.258602
vt 0.625269 0.216129
vt 0.625269 0.258602
vt 0.141398 0.008065
vt 0.183871 0.008065
vt 0.141398 0.050538
vt 0.608065 0.208065
vt 0.617204 0.208065
vt 0.608065 0.250538
vt 0.074731 0.458602
vt 0.125269 0.458602
vt 0.125269 0.441398
vt 0.074731 0.441398
vt 0.425269 0.341398
vt 0.408065 0.341398
vt 0.408065 0.391935
vt 0.425269 0.391935
vt 0.674731 0.983871
vt 0.674731 0.974731
vt 0.683871 0.974731
vt 0.391935 0.874731
vt 0.374731 0.874731
vt 0.374731 0.891935
vt 0.391935 0.891935
vt 0.891935 0.408065
vt 0.874731 0.408065
vt 0.874731 0.425269
vt 0.891935 0.425269
vt 0.425269 0.874731
vt 0.408065 0.874731
vt 0.408065 0.891935
vt 0.425269 0.891935
vt 0.458602 0.874731
vt 0.441398 0.874731
vt 0.441398 0.891935
vt 0.458602 0.891935
vt 0.891935 0.441398
vt 0.874731 0.441398
vt 0.874731 0.458602
vt 0.891935 0.458602
vt 0.891935 0.474731
vt 0.874731 0.474731
vt 0.874731 0.491935
vt 0.891935 0.491935
vt 0.179398 0.409898
vt 0.169725 0.408065
vt 0.191935 0.410410
vt 0.191935 0.424362
vt 0.141398 0.425269
vt 0.147157 0.410564
vt 0.166793 0.411836
vt 0.525269 0.874731
vt 0.508065 0.874731
vt 0.508065 0.891935
vt 0.525269 0.891935
vt 0.891935 0.508065
vt 0.874731 0.508065
vt 0.874731 0.525269
vt 0.891935 0.525269
vt 0.891935 0.541398
vt 0.874731 0.541398
vt 0.874731 0.558602
vt 0.891935 0.558602
vt 0.558602 0.874731
vt 0.541398 0.874731
vt 0.541398 0.891935
vt 0.558602 0.891935
vt 0.891935 0.574731
vt 0.874731 0.574731
vt 0.874731 0.591935
vt 0.891935 0.591935
vt 0.974731 0.674731
vt 0.983871 0.674731
vt 0.974731 0.683871
vt 0.591935 0.874731
vt 0.574731 0.874731
vt 0.574731 0.891935
vt 0.591935 0.891935
vt 0.625269 0.874731
vt 0.608065 0.874731
vt 0.608065 0.891935
vt 0.625269 0.891935
vt 0.641398 0.983871
vt 0.641398 0.974731
vt 0.650538 0.974731
vt 0.891935 0.608065
vt 0.874731 0.608065
vt 0.874731 0.625269
vt 0.891935 0.625269
vt 0.974731 0.650538
vt 0.983871 0.641398
vt 0.974731 0.641398
vt 0.658602 0.874731
vt 0.641398 0.874731
vt 0.641398 0.891935
vt 0.658602 0.891935
vt 0.891935 0.641398
vt 0.874731 0.641398
vt 0.874731 0.658602
vt 0.891935 0.658602
vt 0.691935 0.874731
vt 0.674731 0.874731
vt 0.674731 0.891935
vt 0.691935 0.891935
vt 0.983871 0.608065
vt 0.974731 0.617204
vt 0.974731 0.608065
vt 0.608065 0.983871
vt 0.617204 0.974731
vt 0.608065 0.974731
vt 0.891935 0.674731
vt 0.874731 0.674731
vt 0.874731 0.691935
vt 0.891935 0.691935
vt 0.574731 0.974731
vt 0.574731 0.983871
vt 0.583871 0.974731
vt 0.983871 0.574731
vt 0.974731 0.583871
vt 0.974731 0.574731
vt 0.974731 0.550538
vt 0.974731 0.541398
vt 0.983871 0.541398
vt 0.541398 0.974731
vt 0.541398 0.983871
vt 0.550538 0.974731
vt 0.517204 0.974731
vt 0.508065 0.974731
vt 0.508065 0.983871
vt 0.974731 0.517204
vt 0.983871 0.508065
vt 0.974731 0.508065
vt 0.474731 0.974731
vt 0.474731 0.983871
vt 0.483871 0.974731
vt 0.891935 0.708064
vt 0.874731 0.708064
vt 0.874731 0.725269
vt 0.891935 0.725269
vt 0.725269 0.874731
vt 0.708064 0.874731
vt 0.708064 0.891935
vt 0.725269 0.891935
vt 0.758602 0.874731
vt 0.741398 0.874731
vt 0.741398 0.891935
vt 0.758602 0.891935
vt 0.891935 0.741398
vt 0.874731 0.741398
vt 0.874731 0.758602
vt 0.891935 0.758602
vt 0.891935 0.774731
vt 0.874731 0.774731
vt 0.874731 0.791936
vt 0.891935 0.791936
vt 0.791936 0.874731
vt 0.774731 0.874731
vt 0.774731 0.891935
vt 0.791936 0.891935
vt 0.891935 0.808065
vt 0.874731 0.808065
vt 0.874731 0.825269
vt 0.891935 0.825269
vt 0.825269 0.874731
vt 0.808065 0.874731
vt 0.808065 0.891935
vt 0.825269 0.891935
vt 0.858602 0.874731
vt 0.841398 0.874731
vt 0.841398 0.891935
vt 0.858602 0.891935
vt 0.891935 0.841398
vt 0.874731 0.841398
vt 0.874731 0.858602
vt 0.891935 0.858602
vt 0.891935 0.874731
vt 0.874731 0.874731
vt 0.874731 0.891935
vt 0.891935 0.891935
vt 0.925269 0.008065
vt 0.908065 0.008065
vt 0.908065 0.025269
vt 0.925269 0.025269
vt 0.025269 0.908065
vt 0.008065 0.908065
vt 0.008065 0.925269
vt 0.025269 0.925269
vt 0.058602 0.908065
vt 0.041398 0.908065
vt 0.041398 0.925269
vt 0.058602 0.925269
vt 0.925269 0.041398
vt 0.908065 0.041398
vt 0.908065 0.058602
vt 0.925269 0.058602
vt 0.925269 0.074731
vt 0.908065 0.074731
vt 0.908065 0.091935
vt 0.925269 0.091935
vt 0.091935 0.908065
vt 0.074731 0.908065
vt 0.074731 0.925269
vt 0.091935 0.925269
vt 0.925269 0.108065
vt 0.908065 0.108065
vt 0.908065 0.125269
vt 0.925269 0.125269
vt 0.125269 0.908065
vt 0.108065 0.908065
vt 0.108065 0.925269
vt 0.125269 0.925269
vt 0.925269 0.141398
vt 0.908065 0.141398
vt 0.908065 0.158602
vt 0.925269 0.158602
vt 0.158602 0.908065
vt 0.141398 0.908065
vt 0.141398 0.925269
vt 0.158602 0.925269
vt 0.191935 0.908065
vt 0.174731 0.908065
vt 0.174731 0.925269
vt 0.191935 0.925269
vt 0.925269 0.174731
vt 0.908065 0.174731
vt 0.908065 0.191935
vt 0.925269 0.191935
vt 0.925269 0.208065
vt 0.908065 0.208065
vt 0.908065 0.225269
vt 0.925269 0.225269
vt 0.225269 0.908065
vt 0.208065 0.908065
vt 0.208065 0.925269
vt 0.225269 0.925269
vt 0.258602 0.908065
vt 0.241398 0.908065
vt 0.241398 0.925269
vt 0.258602 0.925269
vt 0.925269 0.241398
vt 0.908065 0.241398
vt 0.908065 0.258602
vt 0.925269 0.258602
vt 0.925269 0.274731
vt 0.908065 0.274731
vt 0.908065 0.291935
vt 0.925269 0.291935
vt 0.291935 0.908065
vt 0.274731 0.908065
vt 0.274731 0.925269
vt 0.291935 0.925269
vt 0.325269 0.908065
vt 0.308065 0.908065
vt 0.308065 0.925269
vt 0.325269 0.925269
vt 0.925269 0.308065
vt 0.908065 0.308065
vt 0.908065 0.325269
vt 0.925269 0.325269
vt 0.358602 0.908065
vt 0.341398 0.908065
vt 0.341398 0.925269
vt 0.358602 0.925269
vt 0.925269 0.341398
vt 0.908065 0.341398
vt 0.908065 0.358602
vt 0.925269 0.358602
vt 0.391935 0.908065
vt 0.374731 0.908065
vt 0.374731 0.925269
vt 0.391935 0.925269
vt 0.925269 0.374731
vt 0.908065 0.374731
vt 0.908065 0.391935
vt 0.925269 0.391935
vt 0.925269 0.408065
vt 0.908065 0.408065
vt 0.908065 0.425269
vt 0.925269 0.425269
vt 0.425269 0.908065
vt 0.408065 0.908065
vt 0.408065 0.925269
vt 0.425269 0.925269
vt 0.458602 0.908065
vt 0.441398 0.908065
vt 0.441398 0.925269
vt 0.458602 0.925269
vt 0.925269 0.441398
vt 0.908065 0.441398
vt 0.908065 0.458602
vt 0.925269 0.458602
vt 0.491935 0.908065
vt 0.474731 0.908065
vt 0.474731 0.925269
vt 0.491935 0.925269
vt 0.925269 0.474731
vt 0.908065 0.474731
vt 0.908065 0.491935
vt 0.925269 0.491935
vt 0.525269 0.908065
vt 0.508065 0.908065
vt 0.508065 0.925269
vt 0.525269 0.925269
vt 0.925269 0.508065
vt 0.908065 0.508065
vt 0.908065 0.525269
vt 0.925269 0.525269
vt 0.558602 0.908065
vt 0.541398 0.908065
vt 0.541398 0.925269
vt 0.558602 0.925269
vt 0.925269 0.541398
vt 0.908065 0.541398
vt 0.908065 0.558602
vt 0.925269 0.558602
vt 0.591935 0.908065
vt 0.574731 0.908065
vt 0.574731 0.925269
vt 0.591935 0.925269
vt 0.925269 0.574731
vt 0.908065 0.574731
vt 0.908065 0.591935
vt 0.925269 0.591935
vt 0.925269 0.608065
vt 0.908065 0.608065
vt 0.908065 0.625269
vt 0.925269 0.625269
vt 0.625269 0.908065
vt 0.608065 0.908065
vt 0.608065 0.925269
vt 0.625269 0.925269
vt 0.925269 0.641398
vt 0.908065 0.641398
vt 0.908065 0.658602
vt 0.925269 0.658602
vt 0.658602 0.908065
vt 0.641398 0.908065
vt 0.641398 0.925269
vt 0.658602 0.925269
vt 0.691935 0.908065
vt 0.674731 0.908065
vt 0.674731 0.925269
vt 0.691935 0.925269
vt 0.925269 0.674731
vt 0.908065 0.674731
vt 0.908065 0.691935
vt 0.925269 0.691935
vt 0.725269 0.908065
vt 0.708064 0.908065
vt 0.708064 0.925269
vt 0.725269 0.925269
vt 0.925269 0.708064
vt 0.908065 0.708064
vt 0.908065 0.725269
vt 0.925269 0.725269
vt 0.758602 0.908065
vt 0.741398 0.908065
vt 0.741398 0.925269
vt 0.758602 0.925269
vt 0.925269 0.741398
vt 0.908065 0.741398
vt 0.908065 0.758602
vt 0.925269 0.758602
vt 0.791936 0.908065
vt 0.774731 0.908065
vt 0.774731 0.925269
vt 0.791936 0.925269
vt 0.925269 0.774731
vt 0.908065 0.774731
vt 0.908065 0.791936
vt 0.925269 0.791936
vt 0.925269 0.808065
vt 0.908065 0.808065
vt 0.908065 0.825269
vt 0.925269 0.825269
vt 0.825269 0.908065
vt 0.808065 0.908065
vt 0.808065 0.925269
vt 0.825269 0.925269
vt 0.925269 0.841398
vt 0.908065 0.841398
vt 0.908065 0.858602
vt 0.925269 0.858602
vt 0.841398 0.925269
vt 0.841465 0.913335
vt 0.854066 0.908065
vt 0.858602 0.913699
vt 0.858602 0.922009
vt 0.891935 0.908065
vt 0.874731 0.908065
vt 0.874731 0.925269
vt 0.891935 0.925269
vt 0.925269 0.874731
vt 0.908065 0.874731
vt 0.908065 0.891935
vt 0.925269 0.891935
vt 0.925269 0.908065
vt 0.908065 0.908065
vt 0.908065 0.925269
vt 0.925269 0.925269
vt 0.958602 0.008065
vt 0.941398 0.008065
vt 0.941398 0.025269
vt 0.958602 0.025269
vt 0.025269 0.941398
vt 0.008065 0.941398
vt 0.008065 0.958602
vt 0.025269 0.958602
vt 0.958602 0.041398
vt 0.941398 0.041398
vt 0.941398 0.058602
vt 0.958602 0.058602
vt 0.058602 0.941398
vt 0.041398 0.941398
vt 0.041398 0.958602
vt 0.058602 0.958602
vt 0.958602 0.074731
vt 0.941398 0.074731
vt 0.941398 0.091935
vt 0.958602 0.091935
vt 0.091935 0.941398
vt 0.074731 0.941398
vt 0.074731 0.958602
vt 0.091935 0.958602
vt 0.125269 0.941398
vt 0.108065 0.941398
vt 0.108065 0.958602
vt 0.125269 0.958602
vt 0.958602 0.108065
vt 0.941398 0.108065
vt 0.941398 0.125269
vt 0.958602 0.125269
vt 0.958602 0.141398
vt 0.941398 0.141398
vt 0.941398 0.158602
vt 0.958602 0.158602
vt 0.158602 0.941398
vt 0.141398 0.941398
vt 0.141398 0.958602
vt 0.158602 0.958602
vt 0.958602 0.174731
vt 0.941398 0.174731
vt 0.941398 0.191935
vt 0.958602 0.191935
vt 0.191935 0.941398
vt 0.174731 0.941398
vt 0.174731 0.958602
vt 0.191935 0.958602
vt 0.958602 0.208065
vt 0.941398 0.208065
vt 0.941398 0.225269
vt 0.958602 0.225269
vt 0.225269 0.941398
vt 0.208065 0.941398
vt 0.208065 0.958602
vt 0.225269 0.958602
vt 0.258602 0.941398
vt 0.241398 0.941398
vt 0.241398 0.958602
vt 0.258602 0.958602
vt 0.958602 0.241398
vt 0.941398 0.241398
vt 0.941398 0.258602
vt 0.958602 0.258602
vt 0.958602 0.274731
vt 0.941398 0.274731
vt 0.941398 0.291935
vt 0.958602 0.291935
vt 0.291935 0.941398
vt 0.274731 0.941398
vt 0.274731 0.958602
vt 0.291935 0.958602
vt 0.591935 0.191935
vt 0.582796 0.191935
vt 0.591935 0.149462
vt 0.458602 0.525269
vt 0.416129 0.525269
vt 0.458602 0.516129
vt 0.325269 0.941398
vt 0.308065 0.941398
vt 0.308065 0.958602
vt 0.325269 0.958602
vt 0.991935 0.425269
vt 0.991935 0.416129
vt 0.982796 0.425269
vt 0.958602 0.308065
vt 0.941398 0.308065
vt 0.941398 0.325269
vt 0.958602 0.325269
vt 0.991935 0.391935
vt 0.982796 0.391935
vt 0.991935 0.382796
vt 0.391935 0.991935
vt 0.382796 0.991935
vt 0.391935 0.982796
vt 0.991935 0.358602
vt 0.982796 0.358602
vt 0.991935 0.349462
vt 0.358602 0.991935
vt 0.349462 0.991935
vt 0.358602 0.982796
vt 0.491935 0.458602
vt 0.482796 0.458602
vt 0.491935 0.416129
vt 0.974731 0.474731
vt 0.983871 0.474731
vt 0.974731 0.483871
vt 0.425269 0.058602
vt 0.425269 0.008065
vt 0.408065 0.008065
vt 0.408065 0.058602
vt 0.991935 0.325269
vt 0.982796 0.325269
vt 0.991935 0.316129
vt 0.991935 0.291935
vt 0.982796 0.291935
vt 0.991935 0.282796
vt 0.291935 0.991935
vt 0.282796 0.991935
vt 0.291935 0.982796
vt 0.258602 0.991935
vt 0.249462 0.991935
vt 0.258602 0.982796
vt 0.258602 0.391935
vt 0.258602 0.374731
vt 0.208065 0.374731
vt 0.208065 0.391935
vt 0.991935 0.258602
vt 0.982796 0.258602
vt 0.991935 0.249462
vt 0.458602 0.416129
vt 0.416129 0.425269
vt 0.458602 0.425269
vt 0.982796 0.225269
vt 0.991935 0.216129
vt 0.991935 0.225269
vt 0.982796 0.191935
vt 0.991935 0.182796
vt 0.991935 0.191935
vt 0.458602 0.149462
vt 0.458602 0.191935
vt 0.449462 0.191935
vt 0.317204 0.574731
vt 0.274731 0.583871
vt 0.274731 0.574731
vt 0.982796 0.158602
vt 0.991935 0.149462
vt 0.991935 0.158602
vt 0.391935 0.325269
vt 0.391935 0.274731
vt 0.374731 0.274731
vt 0.374731 0.325269
vt 0.191935 0.449462
vt 0.149462 0.458602
vt 0.191935 0.458602
vt 0.382796 0.191935
vt 0.391935 0.149462
vt 0.391935 0.191935
vt 0.091935 0.982796
vt 0.082796 0.991935
vt 0.091935 0.991935
vt 0.991935 0.082796
vt 0.982796 0.091935
vt 0.991935 0.091935
vt 0.982796 0.058602
vt 0.991935 0.049462
vt 0.991935 0.058602
vt 0.049462 0.991935
vt 0.058602 0.982796
vt 0.058602 0.991935
vt 0.025269 0.982796
vt 0.016129 0.991935
vt 0.025269 0.991935
vt 0.991935 0.016129
vt 0.982796 0.025269
vt 0.991935 0.025269
vt 0.949462 0.958602
vt 0.958602 0.958602
vt 0.958602 0.949462
vt 0.258602 0.282796
vt 0.258602 0.325269
vt 0.216129 0.325269
vt 0.191935 0.358602
vt 0.191935 0.349462
vt 0.149462 0.358602
vt 0.191935 0.391935
vt 0.191935 0.374731
vt 0.141398 0.374731
vt 0.141398 0.391935
vt 0.574731 0.141398
vt 0.574731 0.183871
vt 0.583871 0.141398
vt 0.408065 0.508065
vt 0.408065 0.517204
vt 0.450538 0.508065
vt 0.958602 0.408065
vt 0.941398 0.408065
vt 0.941398 0.425269
vt 0.958602 0.425269
vt 0.974731 0.408065
vt 0.983871 0.408065
vt 0.974731 0.417204
vt 0.425269 0.941398
vt 0.408065 0.941398
vt 0.408065 0.958602
vt 0.425269 0.958602
vt 0.974731 0.374731
vt 0.974731 0.383871
vt 0.983871 0.374731
vt 0.374731 0.974731
vt 0.374731 0.983871
vt 0.383871 0.974731
vt 0.974731 0.341398
vt 0.983871 0.341398
vt 0.974731 0.350538
vt 0.341398 0.974731
vt 0.341398 0.983871
vt 0.350538 0.974731
vt 0.474731 0.408065
vt 0.474731 0.450538
vt 0.483871 0.408065
vt 0.158602 0.991935
vt 0.158602 0.982796
vt 0.149462 0.991935
vt 0.391935 0.208065
vt 0.374731 0.208065
vt 0.374731 0.258602
vt 0.391935 0.258602
vt 0.974731 0.308065
vt 0.974731 0.317204
vt 0.983871 0.308065
vt 0.974731 0.274731
vt 0.974731 0.283871
vt 0.983871 0.274731
vt 0.274731 0.974731
vt 0.274731 0.983871
vt 0.283871 0.974731
vt 0.241398 0.974731
vt 0.241398 0.983871
vt 0.250538 0.974731
vt 0.008065 0.391935
vt 0.058602 0.391935
vt 0.058602 0.374731
vt 0.008065 0.374731
vt 0.974731 0.241398
vt 0.974731 0.250538
vt 0.983871 0.241398
vt 0.408065 0.417204
vt 0.408065 0.408065
vt 0.450538 0.408065
vt 0.983871 0.208065
vt 0.974731 0.208065
vt 0.974731 0.217204
vt 0.983871 0.174731
vt 0.974731 0.174731
vt 0.974731 0.183871
vt 0.441398 0.183871
vt 0.450538 0.141398
vt 0.441398 0.141398
vt 0.141398 0.983871
vt 0.141398 0.974731
vt 0.150538 0.974731
vt 0.983871 0.141398
vt 0.974731 0.141398
vt 0.974731 0.150538
vt 0.358602 0.274731
vt 0.341398 0.274731
vt 0.341398 0.325269
vt 0.358602 0.325269
vt 0.141398 0.450538
vt 0.141398 0.441398
vt 0.183871 0.441398
vt 0.383871 0.141398
vt 0.374731 0.141398
vt 0.374731 0.183871
vt 0.074731 0.983871
vt 0.074731 0.974731
vt 0.083871 0.974731
vt 0.974731 0.083871
vt 0.974731 0.074731
vt 0.983871 0.074731
vt 0.983871 0.041398
vt 0.974731 0.041398
vt 0.974731 0.050538
vt 0.050538 0.974731
vt 0.041398 0.974731
vt 0.041398 0.983871
vt 0.008065 0.983871
vt 0.008065 0.974731
vt 0.017204 0.974731
vt 0.974731 0.017204
vt 0.974731 0.008065
vt 0.983871 0.008065
vt 0.950538 0.941398
vt 0.941398 0.950538
vt 0.941398 0.941398
vt 0.208065 0.317204
vt 0.250538 0.274731
vt 0.208065 0.274731
vt 0.141398 0.341398
vt 0.183871 0.341398
vt 0.141398 0.350538
vt 0.208065 0.358602
vt 0.258602 0.358602
vt 0.258602 0.341398
vt 0.208065 0.341398
vt 0.358602 0.191935
vt 0.358602 0.141398
vt 0.341398 0.141398
vt 0.341398 0.191935
vt 0.958602 0.508065
vt 0.941398 0.508065
vt 0.941398 0.525269
vt 0.958602 0.525269
vt 0.558602 0.941398
vt 0.541398 0.941398
vt 0.541398 0.958602
vt 0.558602 0.958602
vt 0.958602 0.541398
vt 0.941398 0.541398
vt 0.941398 0.558602
vt 0.958602 0.558602
vt 0.958602 0.574731
vt 0.941398 0.574731
vt 0.941398 0.591935
vt 0.958602 0.591935
vt 0.591935 0.941398
vt 0.574731 0.941398
vt 0.574731 0.958602
vt 0.591935 0.958602
vt 0.008065 0.358602
vt 0.058602 0.358602
vt 0.058602 0.341398
vt 0.008065 0.341398
vt 0.625269 0.941398
vt 0.608065 0.941398
vt 0.608065 0.958602
vt 0.625269 0.958602
vt 0.658602 0.941398
vt 0.641398 0.941398
vt 0.641398 0.958602
vt 0.658602 0.958602
vt 0.958602 0.641398
vt 0.941398 0.641398
vt 0.941398 0.658602
vt 0.958602 0.658602
vt 0.358602 0.125269
vt 0.358602 0.074731
vt 0.341398 0.074731
vt 0.341398 0.125269
vt 0.691935 0.941398
vt 0.674731 0.941398
vt 0.674731 0.958602
vt 0.691935 0.958602
vt 0.725269 0.941398
vt 0.708064 0.941398
vt 0.708064 0.958602
vt 0.725269 0.958602
vt 0.958602 0.708064
vt 0.941398 0.708064
vt 0.941398 0.725269
vt 0.958602 0.725269
vt 0.758602 0.941398
vt 0.741398 0.941398
vt 0.741398 0.958602
vt 0.758602 0.958602
vt 0.958602 0.741398
vt 0.941398 0.741398
vt 0.941398 0.758602
vt 0.958602 0.758602
vt 0.791936 0.941398
vt 0.774731 0.941398
vt 0.774731 0.958602
vt 0.791936 0.958602
vt 0.958602 0.774731
vt 0.941398 0.774731
vt 0.941398 0.791936
vt 0.958602 0.791936
vt 0.825269 0.941398
vt 0.808065 0.941398
vt 0.808065 0.958602
vt 0.825269 0.958602
vt 0.958602 0.808065
vt 0.941398 0.808065
vt 0.941398 0.825269
vt 0.958602 0.825269
vt 0.958602 0.841398
vt 0.941398 0.841398
vt 0.941398 0.858602
vt 0.958602 0.858602
vt 0.858602 0.941398
vt 0.841398 0.941398
vt 0.841398 0.958602
vt 0.858602 0.958602
vt 0.891935 0.941398
vt 0.874731 0.941398
vt 0.874731 0.958602
vt 0.891935 0.958602
vt 0.958602 0.874731
vt 0.941398 0.874731
vt 0.941398 0.891935
vt 0.958602 0.891935
s 0
usemtl Material.138
f 19/1/1 20/2/1 4/3/1 3/4/1
f 20/5/2 2/6/2 6/7/2 21/8/2
f 73/9/3 71/10/3 8/11/3 22/12/3
f 23/13/4 11/14/4 24/15/4
f 91/16/5 89/17/5 13/18/5 25/19/5
f 27/20/6 17/21/6 15/22/6 26/23/6
f 25/24/7 13/25/7 17/26/7 27/27/7
f 75/28/8 372/29/8 304/30/8 28/31/8
f 31/32/9 314/33/9 312/34/9 30/35/9
f 34/36/10 297/37/10 296/38/10 33/39/10
f 74/40/11 373/41/11 303/42/11 35/43/11
f 38/44/12 315/45/12 311/46/12 37/47/12
f 32/48/13 44/49/13 232/50/13
f 40/51/14 306/52/14 308/53/14 39/54/14
f 41/55/15 310/56/15 314/57/15 31/58/15
f 33/59/16 296/60/16 299/61/16 44/62/16
f 45/63/17 313/64/17 315/65/17 38/66/17
f 47/67/18 298/68/18 294/69/18 46/70/18
f 48/71/19 295/72/19 302/73/19 29/74/19
f 93/75/20 392/76/20 310/77/20 41/78/20
f 35/79/21 303/80/21 297/81/21 34/82/21
f 92/83/22 393/84/22 309/85/22 43/86/22
f 46/87/23 294/88/23 295/89/23 48/90/23
f 49/91/24 326/92/24 313/93/24 45/94/24
f 42/95/25 300/96/25 298/97/25 47/98/25
f 30/99/26 312/100/26 326/101/26 49/102/26
f 32/103/27 232/104/27 301/105/27 325/106/27 50/107/27
f 14/108/28 25/109/28 27/110/28 18/111/28
f 18/112/29 27/113/29 26/114/29 16/115/29
f 90/116/30 91/117/30 25/118/30 14/119/30
f 87/120/31 23/121/31 24/122/31 86/123/31
f 72/124/32 73/125/32 22/126/32 9/127/32
f 4/128/33 20/129/33 21/130/33 7/131/33
f 1/132/34 2/133/34 20/134/34 19/135/34
f 15/136/35 30/137/35 49/138/35 26/139/35
f 26/140/36 49/141/36 45/142/36 16/143/36
f 1/144/37 46/145/37 48/146/37 2/147/37
f 90/148/38 92/149/38 86/150/38
f 7/151/39 35/152/39 34/153/39 4/154/39
f 89/155/40 93/156/40 41/157/40 13/158/40
f 2/159/41 48/160/41 29/161/41 6/162/41
f 16/163/42 45/164/42 38/165/42 18/166/42
f 3/167/43 33/168/43 44/169/43 5/170/43
f 13/171/44 41/172/44 31/173/44 17/174/44
f 10/175/45 40/176/45 39/177/45 11/178/45
f 18/179/46 38/180/46 37/181/46 14/182/46
f 72/183/47 74/184/47 35/185/47 7/186/47
f 4/187/48 34/188/48 33/189/48 3/190/48
f 42/191/49 50/192/49 325/193/49 300/194/49
f 17/195/50 31/196/50 30/197/50 15/198/50
f 71/199/51 76/200/51 52/201/51 8/202/51
f 52/203/52 56/204/52 58/205/52 54/206/52
f 29/207/53 53/208/53 51/209/53 6/210/53
f 8/211/54 52/212/54 54/213/54 28/214/54
f 75/215/55 77/216/55 53/217/55 29/218/55
f 78/219/56 80/220/56 60/221/56 56/222/56
f 76/223/57 78/224/57 56/225/57 52/226/57
f 77/227/58 79/228/58 57/229/58 53/230/58
f 53/231/59 57/232/59 55/233/59 51/234/59
f 81/235/60 83/236/60 65/237/60 61/238/60
f 79/239/61 81/240/61 61/241/61 57/242/61
f 57/243/62 61/244/62 59/245/62 55/246/62
f 56/247/63 60/248/63 62/249/63 58/250/63
f 64/251/64 68/252/64 70/253/64 66/254/64
f 61/255/65 65/256/65 63/257/65 59/258/65
f 60/259/66 64/260/66 66/261/66 62/262/66
f 80/263/67 82/264/67 64/265/67 60/266/67
f 84/267/68 85/268/68 70/269/68 68/270/68
f 82/271/69 84/272/69 68/273/69 64/274/69
f 83/275/70 85/276/70 69/277/70 65/278/70
f 65/279/71 69/280/71 67/281/71 63/282/71
f 66/283/72 70/284/72 85/285/72 83/286/72
f 63/287/73 67/288/73 84/289/73 82/290/73
f 67/291/74 69/292/74 85/293/74 84/294/74
f 59/295/75 63/296/75 82/297/75 80/298/75
f 58/299/76 62/300/76 81/301/76 79/302/76
f 62/303/77 66/304/77 83/305/77 81/306/77
f 54/307/78 58/308/78 79/309/78 77/310/78
f 51/311/79 55/312/79 78/313/79 76/314/79
f 55/315/80 59/316/80 80/317/80 78/318/80
f 28/319/81 54/320/81 77/321/81 75/322/81
f 6/323/82 51/324/82 76/325/82 71/326/82
f 9/327/83 36/328/83 74/329/83 72/330/83
f 7/331/84 21/332/84 73/333/84 72/334/84
f 36/335/85 305/336/85 373/337/85 74/338/85
f 29/339/86 302/340/86 372/341/86 75/342/86
f 21/343/87 6/344/87 71/345/87 73/346/87
f 11/347/88 23/348/88 10/349/88
f 246/350/89 87/351/89 86/352/89 12/353/89
f 12/354/90 86/355/90 43/356/90
f 248/357/91 88/358/91 87/359/91 246/360/91
f 11/361/92 39/362/92 93/363/92 89/364/92
f 14/365/93 37/366/93 90/367/93
f 86/368/94 24/369/94 91/370/94 90/371/94
f 37/372/95 311/373/95 393/374/95 92/375/95
f 39/376/96 308/377/96 392/378/96 93/379/96
f 24/380/97 11/381/97 89/382/97 91/383/97
f 105/384/98 99/385/98 100/386/98 104/387/98
f 95/388/99 96/389/99 43/390/99 309/391/99 94/392/99
f 148/393/100 132/394/100 136/395/100 146/396/100
f 102/397/101 125/398/101 128/399/101 107/400/101
f 104/401/102 111/402/102 112/403/102 108/404/102
f 106/405/103 103/406/103 99/407/103 105/408/103
f 108/409/104 101/410/104 102/411/104 107/412/104
f 254/413/105 108/414/105 107/415/105 97/416/105
f 98/417/106 106/418/106 105/419/106 94/420/106
f 95/421/107 104/422/107 108/423/107 254/424/107
f 97/425/108 107/426/108 106/427/108 98/428/108
f 94/429/109 105/430/109 104/431/109 95/432/109
f 112/433/110 116/434/110 114/435/110 110/436/110
f 108/437/111 112/438/111 110/439/111 101/440/111
f 100/441/112 109/442/112 111/443/112 104/444/112
f 101/445/113 110/446/113 109/447/113 100/448/113
f 114/449/114 118/450/114 117/451/114 113/452/114
f 110/453/115 114/454/115 113/455/115 109/456/115
f 111/457/116 115/458/116 116/459/116 112/460/116
f 109/461/117 113/462/117 115/463/117 111/464/117
f 119/465/118 123/466/118 124/467/118 120/468/118
f 115/469/119 119/470/119 120/471/119 116/472/119
f 113/473/120 117/474/120 119/475/120 115/476/120
f 116/477/121 120/478/121 118/479/121 114/480/121
f 123/481/122 121/482/122 122/483/122 124/484/122
f 117/485/123 121/486/123 123/487/123 119/488/123
f 120/489/124 124/490/124 122/491/124 118/492/124
f 118/493/125 122/494/125 121/495/125 117/496/125
f 134/497/126 137/498/126 131/499/126 133/500/126
f 107/501/127 128/502/127 127/503/127 106/504/127
f 106/505/128 127/506/128 126/507/128 103/508/128
f 103/509/129 126/510/129 125/511/129 102/512/129
f 145/513/130 133/514/130 132/515/130 148/516/130
f 146/517/131 136/518/131 135/519/131 147/520/131
f 135/521/132 149/522/132 151/523/132 147/524/132
f 133/525/133 131/526/133 130/527/133 132/528/133
f 125/529/134 126/530/134 127/531/134 128/532/134
f 166/533/135 139/534/135 140/535/135 165/536/135
f 136/537/136 138/538/136 129/539/136 135/540/136
f 144/541/137 134/542/137 133/543/137 145/544/137
f 135/545/138 129/546/138 137/547/138 134/548/138
f 132/549/139 130/550/139 138/551/139 136/552/139
f 139/553/140 142/554/140 258/555/140 255/556/140
f 168/557/141 143/558/141 141/559/141 167/560/141
f 165/561/142 140/562/142 143/563/142 168/564/142
f 167/565/143 141/566/143 142/567/143 169/568/143
f 169/569/144 142/570/144 139/571/144 166/572/144
f 101/573/145 144/574/145 145/575/145 102/576/145
f 100/577/146 147/578/146 144/579/146 101/580/146
f 99/581/147 146/582/147 147/583/147 100/584/147
f 102/585/148 145/586/148 148/587/148 103/588/148
f 103/589/149 148/590/149 146/591/149 99/592/149
f 151/593/150 155/594/150 156/595/150 152/596/150
f 144/597/151 152/598/151 150/599/151 134/600/151
f 134/601/152 150/602/152 149/603/152 135/604/152
f 147/605/153 151/606/153 152/607/153 144/608/153
f 156/609/154 160/610/154 158/611/154 154/612/154
f 149/613/155 153/614/155 155/615/155 151/616/155
f 152/617/156 156/618/156 154/619/156 150/620/156
f 150/621/157 154/622/157 153/623/157 149/624/157
f 158/625/158 162/626/158 161/627/158 157/628/158
f 154/629/159 158/630/159 157/631/159 153/632/159
f 155/633/160 159/634/160 160/635/160 156/636/160
f 153/637/161 157/638/161 159/639/161 155/640/161
f 163/641/162 161/642/162 162/643/162 164/644/162
f 159/645/163 163/646/163 164/647/163 160/648/163
f 157/649/164 161/650/164 163/651/164 159/652/164
f 160/653/165 164/654/165 162/655/165 158/656/165
f 307/657/166 94/658/166 448/659/166
f 94/660/167 309/661/167 448/662/167
f 138/663/168 169/664/168 166/665/168 129/666/168
f 130/667/169 167/668/169 169/669/169 138/670/169
f 137/671/170 165/672/170 168/673/170 131/674/170
f 131/675/171 168/676/171 167/677/171 130/678/171
f 137/679/172 171/680/172 173/681/172 165/682/172
f 172/683/173 176/684/173 174/685/173 170/686/173
f 165/687/174 173/688/174 172/689/174 166/690/174
f 166/691/175 172/692/175 170/693/175 129/694/175
f 129/695/176 170/696/176 171/697/176 137/698/176
f 175/699/177 179/700/177 181/701/177 177/702/177
f 171/703/178 175/704/178 177/705/178 173/706/178
f 170/707/179 174/708/179 175/709/179 171/710/179
f 173/711/180 177/712/180 176/713/180 172/714/180
f 181/715/181 185/716/181 184/717/181 180/718/181
f 174/719/182 178/720/182 179/721/182 175/722/182
f 177/723/183 181/724/183 180/725/183 176/726/183
f 176/727/184 180/728/184 178/729/184 174/730/184
f 182/731/185 184/732/185 185/733/185 183/734/185
f 180/735/186 184/736/186 182/737/186 178/738/186
f 179/739/187 183/740/187 185/741/187 181/742/187
f 178/743/188 182/744/188 183/745/188 179/746/188
f 186/747/189 187/748/189 189/749/189 188/750/189
f 188/751/190 189/752/190 191/753/190 190/754/190
f 190/755/191 191/756/191 193/757/191 192/758/191
f 192/759/192 193/760/192 195/761/192 194/762/192
f 194/763/193 195/764/193 197/765/193 196/766/193
f 196/767/194 197/768/194 199/769/194 198/770/194
f 189/771/195 187/772/195 201/773/195 199/774/195 197/775/195 195/776/195 193/777/195 191/778/195
f 198/779/196 199/780/196 201/781/196 200/782/196
f 200/783/197 201/784/197 187/785/197 186/786/197
f 190/787/198 192/788/198 205/789/198 204/790/198
f 209/791/199 202/792/199 210/793/199 217/794/199
f 196/795/200 198/796/200 208/797/200 207/798/200
f 192/799/201 194/800/201 206/801/201 205/802/201
f 198/803/202 200/804/202 209/805/202 208/806/202
f 188/807/203 190/808/203 204/809/203 203/810/203
f 194/811/204 196/812/204 207/813/204 206/814/204
f 200/815/205 186/816/205 202/817/205 209/818/205
f 186/819/206 188/820/206 203/821/206 202/822/206
f 212/823/207 213/824/207 221/825/207 220/826/207
f 207/827/208 208/828/208 216/829/208 215/830/208
f 205/831/209 206/832/209 214/833/209 213/834/209
f 203/835/210 204/836/210 212/837/210 211/838/210
f 208/839/211 209/840/211 217/841/211 216/842/211
f 206/843/212 207/844/212 215/845/212 214/846/212
f 204/847/213 205/848/213 213/849/213 212/850/213
f 202/851/214 203/852/214 211/853/214 210/854/214
f 224/855/215 225/856/215 230/857/215 229/858/215
f 210/859/216 211/860/216 219/861/216 218/862/216
f 217/863/217 210/864/217 218/865/217 225/866/217
f 215/867/218 216/868/218 224/869/218 223/870/218
f 213/871/219 214/872/219 222/873/219 221/874/219
f 211/875/220 212/876/220 220/877/220 219/878/220
f 216/879/221 217/880/221 225/881/221 224/882/221
f 214/883/222 215/884/222 223/885/222 222/886/222
f 226/887/223 227/888/223 3/889/223 5/890/223
f 222/891/224 223/892/224 42/893/224 47/894/224
f 220/895/225 221/896/225 46/897/225 228/898/225
f 218/899/226 219/900/226 227/901/226 226/902/226
f 225/903/227 218/904/227 226/905/227 230/906/227
f 223/907/228 224/908/228 229/909/228 42/910/228
f 221/911/229 222/912/229 47/913/229 46/914/229
f 219/915/230 220/916/230 228/917/230 227/918/230
f 227/919/231 228/920/231 19/921/231 3/922/231
f 42/923/232 229/924/232 50/925/232
f 229/926/233 230/927/233 32/928/233
f 228/929/234 46/930/234 1/931/234
f 230/932/235 226/933/235 5/934/235 32/935/235
f 46/936/236 1/937/236 231/938/236 47/939/236
f 47/940/237 231/941/237 50/942/237 42/943/237
f 50/944/238 229/945/238 32/946/238
f 1/947/239 19/948/239 228/949/239
f 44/950/240 32/951/240 5/952/240
f 233/953/241 517/954/241 518/955/241 234/956/241
f 233/957/242 234/958/242 232/959/242 44/960/242
f 232/961/243 237/962/243 235/963/243
f 237/964/244 236/965/244 522/966/244 525/967/244
f 518/968/245 522/969/245 236/970/245 234/971/245
f 232/972/246 235/973/246 521/974/246 301/975/246
f 235/976/247 237/977/247 525/978/247 521/979/247
f 234/980/248 236/981/248 237/982/248 232/983/248
f 299/984/249 517/985/249 233/986/249 44/987/249
f 97/988/250 98/989/250 94/990/250 307/991/250 88/992/250 248/993/250 254/994/250
f 238/995/251 241/996/251 247/997/251 248/998/251
f 243/999/252 249/1000/252 244/1001/252 242/1002/252
f 239/1003/253 240/1004/253 241/1005/253 238/1006/253
f 96/1007/254 243/1008/254 242/1009/254 43/1010/254
f 242/1011/255 252/1012/255 12/1013/255 43/1014/255
f 247/1015/256 249/1016/256 243/1017/256
f 245/1018/257 240/1019/257 239/1020/257 246/1021/257
f 247/1022/258 243/1023/258 96/1024/258 248/1025/258
f 246/1026/259 253/1027/259 250/1028/259
f 240/1029/260 245/1030/260 251/1031/260 244/1032/260
f 247/1033/261 241/1034/261 249/1035/261
f 241/1036/262 240/1037/262 244/1038/262 249/1039/262
f 238/1040/263 248/1041/263 246/1042/263 239/1043/263
f 12/1044/264 252/1045/264 253/1046/264 246/1047/264
f 250/1048/265 245/1049/265 246/1050/265
f 251/1051/266 245/1052/266 250/1053/266
f 244/1054/267 251/1055/267 253/1056/267 252/1057/267
f 250/1058/268 253/1059/268 251/1060/268
f 43/1061/269 12/1062/269 246/1063/269
f 244/1064/270 252/1065/270 242/1066/270
f 86/1067/271 92/1068/271 43/1069/271
f 90/1070/272 37/1071/272 92/1072/272
f 95/1073/273 254/1074/273 96/1075/273
f 96/1076/274 254/1077/274 248/1078/274
f 256/1079/275 255/1080/275 258/1081/275 257/1082/275 259/1083/275
f 142/1084/276 141/1085/276 257/1086/276 258/1087/276
f 143/1088/277 140/1089/277 256/1090/277 259/1091/277
f 583/1092/278 582/1093/278 575/1094/278 577/1095/278
f 571/1096/279 570/1097/279 269/1098/279 268/1099/279
f 143/1100/280 259/1101/280 262/1102/280 260/1103/280
f 257/1104/281 141/1105/281 261/1106/281 263/1107/281
f 141/1108/282 143/1109/282 260/1110/282 261/1111/282
f 266/1112/283 267/1113/283 561/1114/283 560/1115/283
f 263/1116/284 261/1117/284 265/1118/284 267/1119/284
f 261/1120/285 260/1121/285 264/1122/285 265/1123/285
f 260/1124/286 262/1125/286 266/1126/286 264/1127/286
f 270/1128/287 268/1129/287 272/1130/287 274/1131/287
f 570/1132/288 572/1133/288 271/1134/288 269/1135/288
f 573/1136/289 571/1137/289 268/1138/289 270/1139/289
f 572/1140/290 573/1141/290 270/1142/290 271/1143/290
f 272/1144/291 273/1145/291 275/1146/291 274/1147/291
f 271/1148/292 270/1149/292 274/1150/292 275/1151/292
f 269/1152/293 271/1153/293 275/1154/293 273/1155/293
f 268/1156/294 269/1157/294 273/1158/294 272/1159/294
f 316/1160/295 278/1161/295 279/1162/295 317/1163/295
f 317/1164/296 318/1165/296 281/1166/296 277/1167/296
f 374/1168/297 319/1169/297 283/1170/297 370/1171/297
f 320/1172/298 321/1173/298 286/1174/298
f 394/1175/299 322/1176/299 288/1177/299 390/1178/299
f 324/1179/300 323/1180/300 290/1181/300 292/1182/300
f 322/1183/301 324/1184/301 292/1185/301 288/1186/301
f 376/1187/302 327/1188/302 304/1189/302 372/1190/302
f 330/1191/303 329/1192/303 312/1193/303 314/1194/303
f 333/1195/304 332/1196/304 296/1197/304 297/1198/304
f 375/1199/305 334/1200/305 303/1201/305 373/1202/305
f 337/1203/306 336/1204/306 311/1205/306 315/1206/306
f 331/1207/307 516/1208/307 343/1209/307
f 339/1210/308 338/1211/308 308/1212/308 306/1213/308
f 340/1214/309 330/1215/309 314/1216/309 310/1217/309
f 332/1218/310 343/1219/310 299/1220/310 296/1221/310
f 344/1222/311 337/1223/311 315/1224/311 313/1225/311
f 346/1226/312 345/1227/312 294/1228/312 298/1229/312
f 347/1230/313 328/1231/313 302/1232/313 295/1233/313
f 396/1234/314 340/1235/314 310/1236/314 392/1237/314
f 334/1238/315 333/1239/315 297/1240/315 303/1241/315
f 395/1242/316 342/1243/316 309/1244/316 393/1245/316
f 345/1246/317 347/1247/317 295/1248/317 294/1249/317
f 348/1250/318 344/1251/318 313/1252/318 326/1253/318
f 341/1254/319 346/1255/319 298/1256/319 300/1257/319
f 329/1258/320 348/1259/320 326/1260/320 312/1261/320
f 331/1262/321 349/1263/321 325/1264/321 301/1265/321 516/1266/321
f 289/1267/322 293/1268/322 324/1269/322 322/1270/322
f 293/1271/323 291/1272/323 323/1273/323 324/1274/323
f 391/1275/324 289/1276/324 322/1277/324 394/1278/324
f 388/1279/325 387/1280/325 321/1281/325 320/1282/325
f 371/1283/326 284/1284/326 319/1285/326 374/1286/326
f 279/1287/327 282/1288/327 318/1289/327 317/1290/327
f 276/1291/328 316/1292/328 317/1293/328 277/1294/328
f 290/1295/329 323/1296/329 348/1297/329 329/1298/329
f 323/1299/330 291/1300/330 344/1301/330 348/1302/330
f 276/1303/331 277/1304/331 347/1305/331 345/1306/331
f 391/1307/332 387/1308/332 395/1309/332
f 282/1310/333 279/1311/333 333/1312/333 334/1313/333
f 390/1314/334 288/1315/334 340/1316/334 396/1317/334
f 277/1318/335 281/1319/335 328/1320/335 347/1321/335
f 291/1322/336 293/1323/336 337/1324/336 344/1325/336
f 278/1326/337 280/1327/337 343/1328/337 332/1329/337
f 288/1330/338 292/1331/338 330/1332/338 340/1333/338
f 285/1334/339 286/1335/339 338/1336/339 339/1337/339
f 293/1338/340 289/1339/340 336/1340/340 337/1341/340
f 371/1342/341 282/1343/341 334/1344/341 375/1345/341
f 279/1346/342 278/1347/342 332/1348/342 333/1349/342
f 341/1350/343 300/1351/343 325/1352/343 349/1353/343
f 292/1354/344 290/1355/344 329/1356/344 330/1357/344
f 370/1358/345 283/1359/345 351/1360/345 377/1361/345
f 351/1362/346 353/1363/346 357/1364/346 355/1365/346
f 328/1366/347 281/1367/347 350/1368/347 352/1369/347
f 283/1370/348 327/1371/348 353/1372/348 351/1373/348
f 376/1374/349 328/1375/349 352/1376/349 378/1377/349
f 379/1378/350 355/1379/350 359/1380/350 381/1381/350
f 377/1382/351 351/1383/351 355/1384/351 379/1385/351
f 378/1386/352 352/1387/352 356/1388/352 380/1389/352
f 352/1390/353 350/1391/353 354/1392/353 356/1393/353
f 382/1394/354 360/1395/354 364/1396/354 384/1397/354
f 380/1398/355 356/1399/355 360/1400/355 382/1401/355
f 356/1402/356 354/1403/356 358/1404/356 360/1405/356
f 355/1406/357 357/1407/357 361/1408/357 359/1409/357
f 363/1410/358 365/1411/358 369/1412/358 367/1413/358
f 360/1414/359 358/1415/359 362/1416/359 364/1417/359
f 359/1418/360 361/1419/360 365/1420/360 363/1421/360
f 381/1422/361 359/1423/361 363/1424/361 383/1425/361
f 385/1426/362 367/1427/362 369/1428/362 386/1429/362
f 383/1430/363 363/1431/363 367/1432/363 385/1433/363
f 384/1434/364 364/1435/364 368/1436/364 386/1437/364
f 364/1438/365 362/1439/365 366/1440/365 368/1441/365
f 365/1442/366 384/1443/366 386/1444/366 369/1445/366
f 362/1446/367 383/1447/367 385/1448/367 366/1449/367
f 366/1450/368 385/1451/368 386/1452/368 368/1453/368
f 358/1454/369 381/1455/369 383/1456/369 362/1457/369
f 357/1458/370 380/1459/370 382/1460/370 361/1461/370
f 361/1462/371 382/1463/371 384/1464/371 365/1465/371
f 353/1466/372 378/1467/372 380/1468/372 357/1469/372
f 350/1470/373 377/1471/373 379/1472/373 354/1473/373
f 354/1474/374 379/1475/374 381/1476/374 358/1477/374
f 327/1478/375 376/1479/375 378/1480/375 353/1481/375
f 281/1482/376 370/1483/376 377/1484/376 350/1485/376
f 284/1486/377 371/1487/377 375/1488/377 335/1489/377
f 282/1490/378 371/1491/378 374/1492/378 318/1493/378
f 335/1494/379 375/1495/379 373/1496/379 305/1497/379
f 328/1498/380 376/1499/380 372/1500/380 302/1501/380
f 318/1502/381 374/1503/381 370/1504/381 281/1505/381
f 286/1506/382 285/1507/382 320/1508/382
f 535/1509/383 287/1510/383 387/1511/383 388/1512/383
f 287/1513/384 342/1514/384 387/1515/384
f 537/1516/385 535/1517/385 388/1518/385 389/1519/385
f 286/1520/386 390/1521/386 396/1522/386 338/1523/386
f 289/1524/387 391/1525/387 336/1526/387
f 387/1527/388 391/1528/388 394/1529/388 321/1530/388
f 336/1531/389 395/1532/389 393/1533/389 311/1534/389
f 338/1535/390 396/1536/390 392/1537/390 308/1538/390
f 321/1539/391 394/1540/391 390/1541/391 286/1542/391
f 408/1543/392 407/1544/392 403/1545/392 402/1546/392
f 398/1547/393 397/1548/393 309/1549/393 342/1550/393 399/1551/393
f 447/1552/394 445/1553/394 435/1554/394 431/1555/394
f 405/1556/395 410/1557/395 427/1558/395 424/1559/395
f 407/1560/396 411/1561/396 415/1562/396 414/1563/396
f 409/1564/397 408/1565/397 402/1566/397 406/1567/397
f 411/1568/398 410/1569/398 405/1570/398 404/1571/398
f 543/1572/399 400/1573/399 410/1574/399 411/1575/399
f 401/1576/400 397/1577/400 408/1578/400 409/1579/400
f 398/1580/401 543/1581/401 411/1582/401 407/1583/401
f 400/1584/402 401/1585/402 409/1586/402 410/1587/402
f 397/1588/403 398/1589/403 407/1590/403 408/1591/403
f 415/1592/404 413/1593/404 417/1594/404 419/1595/404
f 411/1596/405 404/1597/405 413/1598/405 415/1599/405
f 403/1600/406 407/1601/406 414/1602/406 412/1603/406
f 404/1604/407 403/1605/407 412/1606/407 413/1607/407
f 417/1608/408 416/1609/408 420/1610/408 421/1611/408
f 413/1612/409 412/1613/409 416/1614/409 417/1615/409
f 414/1616/410 415/1617/410 419/1618/410 418/1619/410
f 412/1620/411 414/1621/411 418/1622/411 416/1623/411
f 418/1624/412 419/1625/412 423/1626/412 422/1627/412
f 416/1628/413 418/1629/413 422/1630/413 420/1631/413
f 419/1632/414 417/1633/414 421/1634/414 423/1635/414
f 420/1636/415 422/1637/415 423/1638/415 421/1639/415
f 433/1640/416 432/1641/416 430/1642/416 436/1643/416
f 410/1644/417 409/1645/417 426/1646/417 427/1647/417
f 409/1648/418 406/1649/418 425/1650/418 426/1651/418
f 406/1652/419 405/1653/419 424/1654/419 425/1655/419
f 444/1656/420 447/1657/420 431/1658/420 432/1659/420
f 434/1660/421 435/1661/421 620/1662/421 621/1663/421
f 432/1664/422 431/1665/422 429/1666/422 430/1667/422
f 424/1668/423 427/1669/423 618/1670/423 615/1671/423
f 450/1672/424 449/1673/424 439/1674/424 438/1675/424
f 435/1676/425 434/1677/425 428/1678/425 437/1679/425
f 443/1680/426 444/1681/426 432/1682/426 433/1683/426
f 434/1684/427 433/1685/427 436/1686/427 428/1687/427
f 431/1688/428 435/1689/428 437/1690/428 429/1691/428
f 438/1692/429 544/1693/429 547/1694/429 441/1695/429
f 452/1696/430 451/1697/430 440/1698/430 442/1699/430
f 449/1700/431 452/1701/431 442/1702/431 439/1703/431
f 451/1704/432 453/1705/432 441/1706/432 440/1707/432
f 453/1708/433 450/1709/433 438/1710/433 441/1711/433
f 404/1712/434 405/1713/434 444/1714/434 443/1715/434
f 403/1716/435 404/1717/435 443/1718/435 446/1719/435
f 402/1720/436 403/1721/436 446/1722/436 445/1723/436
f 405/1724/437 406/1725/437 447/1726/437 444/1727/437
f 406/1728/438 402/1729/438 445/1730/438 447/1731/438
f 434/1732/439 446/1733/439 443/1734/439 433/1735/439
f 307/1736/440 448/1737/440 397/1738/440
f 397/1739/441 448/1740/441 309/1741/441
f 437/1742/442 428/1743/442 450/1744/442 453/1745/442
f 429/1746/443 437/1747/443 453/1748/443 451/1749/443
f 436/1750/444 430/1751/444 452/1752/444 449/1753/444
f 430/1754/445 429/1755/445 451/1756/445 452/1757/445
f 436/1758/446 449/1759/446 457/1760/446 455/1761/446
f 456/1762/447 454/1763/447 458/1764/447 460/1765/447
f 449/1766/448 450/1767/448 456/1768/448 457/1769/448
f 450/1770/449 428/1771/449 454/1772/449 456/1773/449
f 428/1774/450 436/1775/450 455/1776/450 454/1777/450
f 459/1778/451 461/1779/451 465/1780/451 463/1781/451
f 455/1782/452 457/1783/452 461/1784/452 459/1785/452
f 454/1786/453 455/1787/453 459/1788/453 458/1789/453
f 457/1790/454 456/1791/454 460/1792/454 461/1793/454
f 465/1794/455 464/1795/455 468/1796/455 469/1797/455
f 458/1798/456 459/1799/456 463/1800/456 462/1801/456
f 461/1802/457 460/1803/457 464/1804/457 465/1805/457
f 460/1806/458 458/1807/458 462/1808/458 464/1809/458
f 466/1810/459 467/1811/459 469/1812/459 468/1813/459
f 464/1814/460 462/1815/460 466/1816/460 468/1817/460
f 463/1818/461 465/1819/461 469/1820/461 467/1821/461
f 462/1822/462 463/1823/462 467/1824/462 466/1825/462
f 470/1826/463 472/1827/463 473/1828/463 471/1829/463
f 472/1830/464 474/1831/464 475/1832/464 473/1833/464
f 474/1834/465 476/1835/465 477/1836/465 475/1837/465
f 476/1838/466 478/1839/466 479/1840/466 477/1841/466
f 478/1842/467 480/1843/467 481/1844/467 479/1845/467
f 480/1846/468 482/1847/468 483/1848/468 481/1849/468
f 473/1850/195 475/1851/195 477/1852/195 479/1853/195 481/1854/195 483/1855/195 485/1856/195 471/1857/195
f 482/1858/469 484/1859/469 485/1860/469 483/1861/469
f 484/1862/470 470/1863/470 471/1864/470 485/1865/470
f 474/1866/471 488/1867/471 489/1868/471 476/1869/471
f 493/1870/472 501/1871/472 494/1872/472 486/1873/472
f 480/1874/473 491/1875/473 492/1876/473 482/1877/473
f 476/1878/474 489/1879/474 490/1880/474 478/1881/474
f 482/1882/475 492/1883/475 493/1884/475 484/1885/475
f 472/1886/476 487/1887/476 488/1888/476 474/1889/476
f 478/1890/477 490/1891/477 491/1892/477 480/1893/477
f 484/1894/478 493/1895/478 486/1896/478 470/1897/478
f 470/1898/479 486/1899/479 487/1900/479 472/1901/479
f 496/1902/480 504/1903/480 505/1904/480 497/1905/480
f 491/1906/481 499/1907/481 500/1908/481 492/1909/481
f 489/1910/482 497/1911/482 498/1912/482 490/1913/482
f 487/1914/483 495/1915/483 496/1916/483 488/1917/483
f 492/1918/484 500/1919/484 501/1920/484 493/1921/484
f 490/1922/485 498/1923/485 499/1924/485 491/1925/485
f 488/1926/486 496/1927/486 497/1928/486 489/1929/486
f 486/1930/487 494/1931/487 495/1932/487 487/1933/487
f 508/1934/488 513/1935/488 514/1936/488 509/1937/488
f 494/1938/489 502/1939/489 503/1940/489 495/1941/489
f 501/1942/490 509/1943/490 502/1944/490 494/1945/490
f 499/1946/491 507/1947/491 508/1948/491 500/1949/491
f 497/1950/492 505/1951/492 506/1952/492 498/1953/492
f 495/1954/493 503/1955/493 504/1956/493 496/1957/493
f 500/1958/494 508/1959/494 509/1960/494 501/1961/494
f 498/1962/495 506/1963/495 507/1964/495 499/1965/495
f 510/1966/496 280/1967/496 278/1968/496 511/1969/496
f 506/1970/497 346/1971/497 341/1972/497 507/1973/497
f 504/1974/498 512/1975/498 345/1976/498 505/1977/498
f 502/1978/499 510/1979/499 511/1980/499 503/1981/499
f 509/1982/500 514/1983/500 510/1984/500 502/1985/500
f 507/1986/501 341/1987/501 513/1988/501 508/1989/501
f 505/1990/502 345/1991/502 346/1992/502 506/1993/502
f 503/1994/503 511/1995/503 512/1996/503 504/1997/503
f 511/1998/504 278/1999/504 316/2000/504 512/2001/504
f 341/2002/505 349/2003/505 513/2004/505
f 513/2005/506 331/2006/506 514/2007/506
f 512/2008/507 276/2009/507 345/2010/507
f 514/2011/508 331/2012/508 280/2013/508 510/2014/508
f 345/2015/509 346/2016/509 515/2017/509 276/2018/509
f 346/2019/510 341/2020/510 349/2021/510 515/2022/510
f 349/2023/511 331/2024/511 513/2025/511
f 276/2026/512 512/2027/512 316/2028/512
f 343/2029/513 280/2030/513 331/2031/513
f 519/2032/514 520/2033/514 518/2034/514 517/2035/514
f 519/2036/515 343/2037/515 516/2038/515 520/2039/515
f 516/2040/516 523/2041/516 526/2042/516
f 526/2043/517 525/2044/517 522/2045/517 524/2046/517
f 518/2047/518 520/2048/518 524/2049/518 522/2050/518
f 516/2051/519 301/2052/519 521/2053/519 523/2054/519
f 523/2055/520 521/2056/520 525/2057/520 526/2058/520
f 520/2059/521 516/2060/521 526/2061/521 524/2062/521
f 299/2063/522 343/2064/522 519/2065/522 517/2066/522
f 400/2067/523 543/2068/523 537/2069/523 389/2070/523 307/2071/523 397/2072/523 401/2073/523
f 527/2074/524 537/2075/524 536/2076/524 530/2077/524
f 532/2078/525 531/2079/525 533/2080/525 538/2081/525
f 528/2082/526 527/2083/526 530/2084/526 529/2085/526
f 399/2086/527 342/2087/527 531/2088/527 532/2089/527
f 531/2090/528 342/2091/528 287/2092/528 541/2093/528
f 536/2094/529 532/2095/529 538/2096/529
f 534/2097/530 535/2098/530 528/2099/530 529/2100/530
f 536/2101/531 537/2102/531 399/2103/531 532/2104/531
f 535/2105/532 539/2106/532 542/2107/532
f 529/2108/533 533/2109/533 540/2110/533 534/2111/533
f 536/2112/534 538/2113/534 530/2114/534
f 530/2115/535 538/2116/535 533/2117/535 529/2118/535
f 527/2119/536 528/2120/536 535/2121/536 537/2122/536
f 287/2123/537 535/2124/537 542/2125/537 541/2126/537
f 539/2127/538 535/2128/538 534/2129/538
f 540/2130/539 539/2131/539 534/2132/539
f 533/2133/540 541/2134/540 542/2135/540 540/2136/540
f 539/2137/541 540/2138/541 542/2139/541
f 342/2140/542 535/2141/542 287/2142/542
f 533/2143/543 531/2144/543 541/2145/543
f 387/2146/544 342/2147/544 395/2148/544
f 391/2149/545 395/2150/545 336/2151/545
f 398/2152/546 399/2153/546 543/2154/546
f 399/2155/547 537/2156/547 543/2157/547
f 545/2158/548 548/2159/548 553/2160/548 556/2161/548
f 441/2162/549 547/2163/549 546/2164/549 440/2165/549
f 442/2166/550 548/2167/550 545/2168/550 439/2169/550
f 439/2170/551 545/2171/551 544/2172/551 438/2173/551
f 614/2174/552 611/2175/552 549/2176/552 551/2177/552
f 612/2178/553 613/2179/553 552/2180/553 550/2181/553
f 611/2182/554 612/2183/554 550/2184/554 549/2185/554
f 595/2186/555 594/2187/555 592/2188/555 593/2189/555
f 546/2190/556 547/2191/556 554/2192/556 555/2193/556
f 547/2194/557 544/2195/557 557/2196/557 554/2197/557
f 544/2198/558 545/2199/558 556/2200/558 557/2201/558
f 548/2202/559 546/2203/559 555/2204/559 553/2205/559
f 555/2206/560 554/2207/560 607/2208/560 608/2209/560
f 613/2210/561 614/2211/561 551/2212/561 552/2213/561
f 558/2214/562 560/2215/562 564/2216/562 562/2217/562
f 267/2218/563 265/2219/563 559/2220/563 561/2221/563
f 265/2222/564 264/2223/564 558/2224/564 559/2225/564
f 264/2226/565 266/2227/565 560/2228/565 558/2229/565
f 565/2230/566 563/2231/566 567/2232/566 569/2233/566
f 560/2234/567 561/2235/567 565/2236/567 564/2237/567
f 561/2238/568 559/2239/568 563/2240/568 565/2241/568
f 559/2242/569 558/2243/569 562/2244/569 563/2245/569
f 567/2246/570 566/2247/570 568/2248/570 569/2249/570
f 563/2250/571 562/2251/571 566/2252/571 567/2253/571
f 562/2254/572 564/2255/572 568/2256/572 566/2257/572
f 564/2258/573 565/2259/573 569/2260/573 568/2261/573
f 267/2262/574 266/2263/574 573/2264/574 572/2265/574
f 266/2266/575 262/2267/575 571/2268/575 573/2269/575
f 263/2270/576 267/2271/576 572/2272/576 570/2273/576
f 262/2274/577 263/2275/577 570/2276/577 571/2277/577
f 575/2278/578 574/2279/578 578/2280/578 579/2281/578
f 585/2282/579 584/2283/579 576/2284/579 574/2285/579
f 582/2286/580 585/2287/580 574/2288/580 575/2289/580
f 584/2290/581 583/2291/581 577/2292/581 576/2293/581
f 581/2294/582 579/2295/582 587/2296/582 589/2297/582
f 577/2298/583 575/2299/583 579/2300/583 581/2301/583
f 576/2302/584 577/2303/584 581/2304/584 580/2305/584
f 574/2306/585 576/2307/585 580/2308/585 578/2309/585
f 255/2310/586 256/2311/586 583/2312/586 584/2313/586
f 140/2314/587 139/2315/587 585/2316/587 582/2317/587
f 139/2318/588 255/2319/588 584/2320/588 585/2321/588
f 256/2322/589 140/2323/589 582/2324/589 583/2325/589
f 587/2326/590 586/2327/590 588/2328/590 589/2329/590
f 580/2330/591 581/2331/591 589/2332/591 588/2333/591
f 578/2334/592 580/2335/592 588/2336/592 586/2337/592
f 579/2338/593 578/2339/593 586/2340/593 587/2341/593
f 592/2342/594 590/2343/594 591/2344/594 593/2345/594
f 594/2346/595 596/2347/595 590/2348/595 592/2349/595
f 596/2350/596 597/2351/596 591/2352/596 590/2353/596
f 597/2354/597 595/2355/597 593/2356/597 591/2357/597
f 550/2358/598 552/2359/598 595/2360/598 597/2361/598
f 549/2362/599 550/2363/599 597/2364/599 596/2365/599
f 551/2366/600 549/2367/600 596/2368/600 594/2369/600
f 552/2370/601 551/2371/601 599/2372/601 598/2373/601
f 599/2374/602 601/2375/602 605/2376/602 603/2377/602
f 595/2378/603 552/2379/603 598/2380/603 600/2381/603
f 551/2382/604 594/2383/604 601/2384/604 599/2385/604
f 594/2386/605 595/2387/605 600/2388/605 601/2389/605
f 602/2390/606 603/2391/606 605/2392/606 604/2393/606
f 598/2394/607 599/2395/607 603/2396/607 602/2397/607
f 601/2398/608 600/2399/608 604/2400/608 605/2401/608
f 600/2402/609 598/2403/609 602/2404/609 604/2405/609
f 609/2406/610 606/2407/610 608/2408/610 607/2409/610 610/2410/610
f 554/2411/611 557/2412/611 610/2413/611 607/2414/611
f 557/2415/612 556/2416/612 609/2417/612 610/2418/612
f 553/2419/613 555/2420/613 608/2421/613 606/2422/613
f 556/2423/614 553/2424/614 606/2425/614 609/2426/614
f 442/2427/615 440/2428/615 614/2429/615 613/2430/615
f 546/2431/616 548/2432/616 612/2433/616 611/2434/616
f 548/2435/617 442/2436/617 613/2437/617 612/2438/617
f 440/2439/618 546/2440/618 611/2441/618 614/2442/618
f 259/2443/619 257/2444/619 263/2445/619 262/2446/619
f 615/2447/620 618/2448/620 617/2449/620 616/2450/620
f 425/2451/621 424/2452/621 615/2453/621 616/2454/621
f 427/2455/622 426/2456/622 617/2457/622 618/2458/622
f 426/2459/623 425/2460/623 616/2461/623 617/2462/623
f 619/2463/624 622/2464/624 626/2465/624 623/2466/624
f 435/2467/625 445/2468/625 619/2469/625 620/2470/625
f 446/2471/626 434/2472/626 621/2473/626 622/2474/626
f 445/2475/627 446/2476/627 622/2477/627 619/2478/627
f 623/2479/628 626/2480/628 625/2481/628 624/2482/628
f 621/2483/629 620/2484/629 624/2485/629 625/2486/629
f 622/2487/630 621/2488/630 625/2489/630 626/2490/630
f 620/2491/631 619/2492/631 623/2493/631 624/2494/631
f 632/2495/632 636/2496/632 634/2497/632
f 634/2498/633 637/2499/633 638/2500/633
f 641/2501/634 667/2502/634 679/2503/634 647/2504/634
f 646/2505/635 669/2506/635 642/2507/635
f 645/2508/636 666/2509/636 670/2510/636 643/2511/636
f 644/2512/637 671/2513/637 646/2514/637
f 635/2515/638 634/2516/638 639/2517/638
f 633/2518/639 632/2519/639 635/2520/639
f 639/2521/640 644/2522/640 635/2523/640
f 637/2524/641 645/2525/641 640/2526/641
f 635/2527/642 646/2528/642 633/2529/642
f 636/2530/643 641/2531/643 649/2532/643 648/2533/643
f 628/2534/644 630/2535/644 638/2536/644
f 627/2537/645 628/2538/645 640/2539/645
f 629/2540/646 627/2541/646 643/2542/646
f 631/2543/647 652/2544/647 644/2545/647
f 651/2546/648 629/2547/648 643/2548/648 670/2549/648
f 630/2550/649 631/2551/649 639/2552/649
f 635/2553/650 632/2554/650 634/2555/650
f 635/2556/651 644/2557/651 646/2558/651
f 639/2559/652 634/2560/652 638/2561/652
f 634/2562/653 636/2563/653 648/2564/653
f 633/2565/654 646/2566/654 642/2567/654
f 646/2568/655 671/2569/655 669/2570/655
f 637/2571/656 649/2572/656 647/2573/656 645/2574/656
f 638/2575/657 637/2576/657 640/2577/657
f 640/2578/658 645/2579/658 643/2580/658
f 639/2581/659 631/2582/659 644/2583/659
f 644/2584/660 652/2585/660 671/2586/660
f 642/2587/661 669/2588/661 668/2589/661
f 638/2590/662 630/2591/662 639/2592/662
f 640/2593/663 628/2594/663 638/2595/663
f 643/2596/664 627/2597/664 640/2598/664
f 647/2599/665 649/2600/665 641/2601/665
f 648/2602/666 637/2603/666 634/2604/666
f 648/2605/667 649/2606/667 637/2607/667
f 647/2608/668 679/2609/668 666/2610/668 645/2611/668
f 657/2612/669 659/2613/669 661/2614/669
f 659/2615/670 663/2616/670 662/2617/670
f 672/2618/671 678/2619/671 679/2620/671 667/2621/671
f 677/2622/672 673/2623/672 669/2624/672
f 676/2625/673 674/2626/673 670/2627/673 666/2628/673
f 675/2629/674 677/2630/674 671/2631/674
f 660/2632/675 664/2633/675 659/2634/675
f 658/2635/676 660/2636/676 657/2637/676
f 664/2638/677 660/2639/677 675/2640/677
f 662/2641/678 665/2642/678 676/2643/678
f 660/2644/679 658/2645/679 677/2646/679
f 661/2647/680 680/2648/680 681/2649/680 672/2650/680
f 653/2651/681 663/2652/681 655/2653/681
f 650/2654/682 665/2655/682 653/2656/682
f 654/2657/683 674/2658/683 650/2659/683
f 656/2660/684 675/2661/684 652/2662/684
f 651/2663/685 670/2664/685 674/2665/685 654/2666/685
f 655/2667/686 664/2668/686 656/2669/686
f 660/2670/687 659/2671/687 657/2672/687
f 660/2673/688 677/2674/688 675/2675/688
f 664/2676/689 663/2677/689 659/2678/689
f 659/2679/690 680/2680/690 661/2681/690
f 658/2682/691 673/2683/691 677/2684/691
f 677/2685/692 669/2686/692 671/2687/692
f 662/2688/693 676/2689/693 678/2690/693 681/2691/693
f 663/2692/694 665/2693/694 662/2694/694
f 665/2695/695 674/2696/695 676/2697/695
f 664/2698/696 675/2699/696 656/2700/696
f 675/2701/697 671/2702/697 652/2703/697
f 673/2704/698 668/2705/698 669/2706/698
f 663/2707/699 664/2708/699 655/2709/699
f 665/2710/700 663/2711/700 653/2712/700
f 674/2713/701 665/2714/701 650/2715/701
f 678/2716/702 672/2717/702 681/2718/702
f 680/2719/703 659/2720/703 662/2721/703
f 680/2722/704 662/2723/704 681/2724/704
f 678/2725/705 676/2726/705 666/2727/705 679/2728/705
f 641/2729/706 636/2730/706 8/2731/706 28/2732/706
f 633/2733/707 642/2734/707 36/2735/707 9/2736/707
f 668/2737/708 673/2738/708 335/2739/708 305/2740/708
f 642/2741/709 668/2742/709 305/2743/709 36/2744/709
f 657/2745/710 661/2746/710 283/2747/710 319/2748/710
f 632/2749/711 633/2750/711 9/2751/711 22/2752/711
f 658/2753/712 657/2754/712 319/2755/712 284/2756/712
f 636/2757/713 632/2758/713 22/2759/713 8/2760/713
f 672/2761/714 667/2762/714 304/2763/714 327/2764/714
f 667/2765/715 641/2766/715 28/2767/715 304/2768/715
f 661/2769/716 672/2770/716 327/2771/716 283/2772/716
f 673/2773/717 658/2774/717 284/2775/717 335/2776/717
f 651/2777/718 654/2778/718 339/2779/718 682/2780/718
f 629/2781/719 651/2782/719 682/2783/719 40/2784/719
f 627/2785/720 629/2786/720 40/2787/720 10/2788/720
f 654/2789/721 650/2790/721 285/2791/721 339/2792/721
f 655/2793/722 656/2794/722 389/2795/722 388/2796/722
f 631/2797/723 630/2798/723 87/2799/723 88/2800/723
f 652/2801/724 631/2802/724 88/2803/724 307/2804/724
f 656/2805/725 652/2806/725 307/2807/725 389/2808/725
f 650/2809/726 653/2810/726 320/2811/726 285/2812/726
f 628/2813/727 627/2814/727 10/2815/727 23/2816/727
f 630/2817/728 628/2818/728 23/2819/728 87/2820/728
f 653/2821/729 655/2822/729 388/2823/729 320/2824/729
